time,speed (km/u),travel time,Timeliness (%),weather_numeric,temperature
2022/3/23 08:00,43.6,514,85,3,10.7
2022/3/23 08:15,43.1,520,91,1,12.7
2022/3/23 08:30,42.9,522,81,3,12.6
2022/3/23 08:45,43.3,517,75,3,12.9
2022/3/23 09:00,46.4,483,85,3,13.1
2022/3/23 09:15,48.4,462,85,3,13.9
2022/3/23 09:30,47.4,473,61,3,11.2
2022/3/23 09:45,46.2,485,67,4,14.2
2022/3/23 10:00,47.8,468,63,6,10.7
2022/3/23 10:15,45.2,495,64,3,11.1
2022/3/23 10:30,47,477,75,1,13.4
2022/3/23 10:45,44.9,499,79,3,13.9
2022/3/23 11:00,45.3,494,79,3,11.9
2022/3/23 11:15,42.7,524,74,4,13.3
2022/3/23 11:30,43.4,516,69,2,11.7
2022/3/24 08:00,37,605,72,2,11.1
2022/3/24 08:15,25.5,878,71,2,11.6
2022/3/24 08:30,21,1064,67,1,12.7
2022/3/24 08:45,24.8,902,75,1,15.7
2022/3/24 09:00,34.1,657,82,4,13.7
2022/3/24 09:15,43.7,512,80,6,13
2022/3/24 09:30,44.3,506,76,1,10
2022/3/24 09:45,43.5,515,72,3,12.3
2022/3/24 10:00,43.1,519,69,1,11.6
2022/3/24 10:15,44.6,502,69,2,11.6
2022/3/24 10:30,45.1,496,70,3,9.5
2022/3/24 10:45,43.3,517,76,2,14
2022/3/24 11:00,44.4,504,72,4,16
2022/3/24 11:15,43.2,518,64,3,11.9
2022/3/24 11:30,44.9,499,81,3,13.9
2022/3/25 08:00,46.7,480,69,2,9.2
2022/3/25 08:15,44,509,82,1,11.5
2022/3/25 08:30,43.4,516,70,3,13
2022/3/25 08:45,43.4,516,74,3,10.7
2022/3/25 09:00,40.2,557,74,2,10.2
2022/3/25 09:15,44.3,506,57,3,11.8
2022/3/25 09:30,45.1,496,59,3,12.5
2022/3/25 09:45,41.8,535,66,3,13
2022/3/25 10:00,39.9,561,79,4,12.3
2022/3/25 10:15,31.8,704,96,3,12.9
2022/3/25 10:30,27.3,820,94,3,14.3
2022/3/25 10:45,27.5,815,88,3,10.9
2022/3/25 11:00,35.9,624,81,3,13.6
2022/3/25 11:15,43.7,512,81,2,12.9
2022/3/25 11:30,47.2,474,84,3,11.4
2022/3/26 08:00,46.9,478,61,3,14.5
2022/3/26 08:15,49.3,454,50,2,12.8
2022/3/26 08:30,50.3,445,48,2,11.6
2022/3/26 08:45,46.5,482,60,2,13.3
2022/3/26 09:00,48,466,55,3,10.9
2022/3/26 09:15,46.3,484,58,3,11.3
2022/3/26 09:30,46.6,480,56,3,12.3
2022/3/26 09:45,44.5,503,59,6,11.6
2022/3/26 10:00,45,498,74,2,12.4
2022/3/26 10:15,46.3,483,82,2,12.2
2022/3/26 10:30,45.7,489,73,2,12.4
2022/3/26 10:45,44.9,499,69,3,14.2
2022/3/26 11:00,44.7,501,76,2,12.1
2022/3/26 11:15,42.1,532,80,3,9.1
2022/3/26 11:30,42.2,530,87,2,12.6
2022/3/27 08:00,54.7,409,43,2,11.2
2022/3/27 08:15,52.3,428,50,2,9
2022/3/27 08:30,49.7,451,47,3,12.2
2022/3/27 08:45,49.1,456,45,2,13
2022/3/27 09:00,52.9,423,70,2,13.4
2022/3/27 09:15,50.7,441,47,3,11.4
2022/3/27 09:30,52.3,428,51,1,11.8
2022/3/27 09:45,48.5,461,67,2,10.7
2022/3/27 10:00,45.9,487,65,1,12.9
2022/3/27 10:15,46.8,478,42,2,11.5
2022/3/27 10:30,47.2,474,63,6,11.6
2022/3/27 10:45,44.1,508,66,3,14.9
2022/3/27 11:00,46,487,62,6,11.8
2022/3/27 11:15,46,487,72,3,11.9
2022/3/27 11:30,44.5,503,82,1,13.8
2022/3/28 08:00,44.5,503,80,2,13.4
2022/3/28 08:15,42.6,526,86,2,13.3
2022/3/28 08:30,41.4,541,86,2,13.9
2022/3/28 08:45,45.1,497,84,2,9
2022/3/28 09:00,47.6,471,76,2,12.4
2022/3/28 09:15,47.9,467,75,2,10.8
2022/3/28 09:30,46.7,479,77,3,13.2
2022/3/28 09:45,45.6,491,76,2,13.8
2022/3/28 10:00,46,487,70,3,12.3
2022/3/28 10:15,45.8,488,62,3,15.5
2022/3/28 10:30,44,509,58,2,11.2
2022/3/28 10:45,44.2,507,76,3,10.3
2022/3/28 11:00,43.2,518,68,2,14.3
2022/3/28 11:15,44,509,79,3,13.8
2022/3/28 11:30,40.1,559,87,4,12.2
2022/3/29 08:00,25,895,92,2,10.4
2022/3/29 08:15,22.8,981,94,3,14.3
2022/3/29 08:30,22.5,997,88,2,13.6
2022/3/29 08:45,23.8,942,84,1,12.9
2022/3/29 09:00,34.5,649,81,2,12.5
2022/3/29 09:15,44.8,500,85,2,10
2022/3/29 09:30,45.1,496,78,3,13.1
2022/3/29 09:45,43,520,79,2,10.6
2022/3/29 10:00,44.1,508,73,1,11.9
2022/3/29 10:15,44.9,499,60,2,14.6
2022/3/29 10:30,44.4,504,79,3,14
2022/3/29 10:45,45,498,76,2,11
2022/3/29 11:00,41.9,534,74,1,12.9
2022/3/29 11:15,40.9,547,74,6,11.7
2022/3/29 11:30,45.1,497,75,2,12.7
2022/3/30 08:00,43.6,514,81,3,12.7
2022/3/30 08:15,42.3,530,84,3,11.1
2022/3/30 08:30,44.3,506,88,3,11.3
2022/3/30 08:45,41.4,540,70,2,10.7
2022/3/30 09:00,46.5,482,70,6,14.3
2022/3/30 09:15,46.8,478,69,3,12.9
2022/3/30 09:30,47,476,66,1,11.7
2022/3/30 09:45,47.2,474,73,3,11.2
2022/3/30 10:00,45.2,495,74,2,12.2
2022/3/30 10:15,44.3,505,73,1,12.5
2022/3/30 10:30,43,521,79,3,9.2
2022/3/30 10:45,45.2,495,82,4,12.3
2022/3/30 11:00,42.3,530,82,3,12.5
2022/3/30 11:15,43.1,519,82,4,13.3
2022/3/30 11:30,41.5,539,73,3,13.2
2022/3/31 08:00,44.3,506,79,1,14.1
2022/3/31 08:15,41.6,539,86,3,7.9
2022/3/31 08:30,40.5,553,80,6,10
2022/3/31 08:45,41.5,540,74,3,12.7
2022/3/31 09:00,43.3,517,72,3,11.1
2022/3/31 09:15,42.7,524,76,3,13.9
2022/3/31 09:30,43.2,518,80,2,12.6
2022/3/31 09:45,45.4,493,71,2,14.6
2022/3/31 10:00,45.8,489,72,3,11.7
2022/3/31 10:15,45.5,492,82,2,14.4
2022/3/31 10:30,44.8,500,79,3,14.3
2022/3/31 10:45,44,509,80,3,11.3
2022/3/31 11:00,42.5,527,80,2,13.7
2022/3/31 11:15,44.2,507,80,2,13.4
2022/3/31 11:30,45.2,495,81,3,11
2022/4/1 08:00,39.6,566,79,3,12.3
2022/4/1 08:15,41.3,541,77,3,12.6
2022/4/1 08:30,39.1,572,83,3,14
2022/4/1 08:45,41.5,540,77,3,15.9
2022/4/1 09:00,44.8,500,78,3,11.1
2022/4/1 09:15,46.2,485,73,4,9.8
2022/4/1 09:30,44.6,502,76,3,10.2
2022/4/1 09:45,43.9,510,78,3,13.8
2022/4/1 10:00,45.8,489,68,4,11.9
2022/4/1 10:15,42.9,522,75,1,13.8
2022/4/1 10:30,44.2,506,75,1,13.6
2022/4/1 10:45,44.5,503,78,2,12
2022/4/1 11:00,44.4,504,76,4,11.4
2022/4/1 11:15,44.4,504,85,1,13.6
2022/4/1 11:30,44.9,498,84,6,12.2
2022/4/2 08:00,52.8,424,51,2,12.6
2022/4/2 08:15,50.9,440,53,4,10.1
2022/4/2 08:30,51.2,437,63,2,12.9
2022/4/2 08:45,50.9,440,66,3,10.3
2022/4/2 09:00,50.6,442,68,2,12.3
2022/4/2 09:15,48.8,458,42,1,12.7
2022/4/2 09:30,49.1,456,60,1,13
2022/4/2 09:45,46.7,480,60,3,10.2
2022/4/2 10:00,46.3,483,75,3,11
2022/4/2 10:15,44,508,63,2,13
2022/4/2 10:30,45.4,493,79,3,11.7
2022/4/2 10:45,46.4,482,83,3,11.7
2022/4/2 11:00,44.2,506,74,1,14
2022/4/2 11:15,44,508,73,4,13.8
2022/4/2 11:30,43.8,511,74,6,10.7
2022/4/3 08:00,53.8,416,47,4,14.6
2022/4/3 08:15,53.4,419,50,2,11.8
2022/4/3 08:30,53.8,416,66,3,13
2022/4/3 08:45,53.4,419,42,1,13.8
2022/4/3 09:00,48.6,461,54,2,10.1
2022/4/3 09:15,50.8,441,55,3,12.8
2022/4/3 09:30,47.6,470,48,2,11.1
2022/4/3 09:45,46.7,479,50,2,10.9
2022/4/3 10:00,48.1,466,47,2,12.1
2022/4/3 10:15,49.7,450,58,1,12.7
2022/4/3 10:30,47.5,471,68,2,13.4
2022/4/3 10:45,47.9,468,56,2,13.1
2022/4/3 11:00,47.5,471,57,4,13.7
2022/4/3 11:15,45.5,492,80,1,12.8
2022/4/3 11:30,43.9,510,72,2,12.1
2022/4/4 08:00,36.9,608,71,2,14.1
2022/4/4 08:15,37.1,604,75,3,11.7
2022/4/4 08:30,36.6,612,91,3,9
2022/4/4 08:45,39,574,83,2,14.2
2022/4/4 09:00,45.9,488,80,4,14.1
2022/4/4 09:15,46.9,477,75,3,12.5
2022/4/4 09:30,46.2,485,69,3,12
2022/4/4 09:45,43.8,511,80,3,11.8
2022/4/4 10:00,43.1,519,79,1,13
2022/4/4 10:15,44.1,507,79,2,13.6
2022/4/4 10:30,46.8,479,66,3,14.7
2022/4/4 10:45,44,509,75,2,13.6
2022/4/4 11:00,45.5,492,69,2,13.6
2022/4/4 11:15,44.7,501,62,4,12.2
2022/4/4 11:30,43.7,512,77,1,13.4
2022/4/5 08:00,36,621,72,3,12.8
2022/4/5 08:15,40.4,554,85,2,12.8
2022/4/5 08:30,38.5,581,75,2,14.5
2022/4/5 08:45,41.5,540,61,2,11.3
2022/4/5 09:00,44.2,506,72,3,16
2022/4/5 09:15,46,487,72,2,9.8
2022/4/5 09:30,44.1,508,78,3,14.4
2022/4/5 09:45,45.7,490,76,3,12.8
2022/4/5 10:00,45.2,496,75,2,12.3
2022/4/5 10:15,46,487,71,2,12.1
2022/4/5 10:30,43.5,514,76,2,14.6
2022/4/5 10:45,45.3,495,70,3,13.1
2022/4/5 11:00,45,497,66,3,12.1
2022/4/5 11:15,43.8,512,83,3,11.5
2022/4/5 11:30,43.6,514,80,4,12.1
2022/4/6 08:00,36.2,619,82,6,10
2022/4/6 08:15,41.5,539,88,2,12.4
2022/4/6 08:30,38.7,579,82,3,13.1
2022/4/6 08:45,44.3,505,70,2,13
2022/4/6 09:00,46.9,477,78,2,12.7
2022/4/6 09:15,43,521,77,1,14.7
2022/4/6 09:30,44.1,508,58,2,15
2022/4/6 09:45,44.4,504,67,3,13
2022/4/6 10:00,45.3,494,74,3,11.8
2022/4/6 10:15,46.9,477,58,1,12.9
2022/4/6 10:30,45.3,494,78,3,11.4
2022/4/6 10:45,44.4,504,87,4,13.5
2022/4/6 11:00,43.1,519,82,2,12.6
2022/4/6 11:15,45.8,489,67,1,13.7
2022/4/6 11:30,46.1,486,59,2,13.9
2022/4/7 08:00,26.9,833,70,6,9.7
2022/4/7 08:15,28.2,794,86,3,11.5
2022/4/7 08:30,25.9,865,88,2,11.9
2022/4/7 08:45,25.9,864,83,4,14.3
2022/4/7 09:00,33.1,677,80,1,11.1
2022/4/7 09:15,44,508,69,2,14.2
2022/4/7 09:30,44,509,65,2,9.6
2022/4/7 09:45,44.5,503,70,3,11.7
2022/4/7 10:00,45.9,488,78,2,10.7
2022/4/7 10:15,45.6,491,72,2,12.8
2022/4/7 10:30,43.9,510,80,3,14.3
2022/4/7 10:45,45.2,496,81,3,12.9
2022/4/7 11:00,44.8,499,80,3,15.5
2022/4/7 11:15,43.7,512,80,2,11.2
2022/4/7 11:30,39.1,572,74,3,13.4
2022/4/8 08:00,45.3,494,69,4,13.8
2022/4/8 08:15,36.3,617,77,2,12.1
2022/4/8 08:30,41.4,540,87,3,14.8
2022/4/8 08:45,43.4,516,75,2,13.8
2022/4/8 09:00,43.6,513,72,1,13.7
2022/4/8 09:15,42.2,531,74,3,12.3
2022/4/8 09:30,44.3,505,78,3,11.3
2022/4/8 09:45,43.8,512,79,2,13.1
2022/4/8 10:00,43.4,516,74,2,11
2022/4/8 10:15,43.9,510,82,3,11.6
2022/4/8 10:30,43,520,84,3,13.2
2022/4/8 10:45,43.4,516,76,4,11
2022/4/8 11:00,43.4,516,83,1,12.5
2022/4/8 11:15,40.1,558,83,1,14.3
2022/4/8 11:30,43,520,86,4,13.5
2022/4/9 08:00,50.3,445,53,2,13.8
2022/4/9 08:15,47.8,468,56,3,14
2022/4/9 08:30,50.5,443,47,3,13.9
2022/4/9 08:45,50.4,444,59,6,11.8
2022/4/9 09:00,47.6,470,65,2,11.5
2022/4/9 09:15,45.5,492,63,2,13.8
2022/4/9 09:30,47.2,475,64,2,11.2
2022/4/9 09:45,44.7,501,77,2,11.7
2022/4/9 10:00,43.4,516,84,4,11.8
2022/4/9 10:15,44.6,502,79,3,13.7
2022/4/9 10:30,42.9,521,68,1,14.8
2022/4/9 10:45,44.5,503,79,2,11.4
2022/4/9 11:00,40.6,551,80,3,12.2
2022/4/9 11:15,43,521,80,2,14.2
2022/4/9 11:30,41.8,536,78,3,16.4
2022/4/10 08:00,52,431,50,6,12.9
2022/4/10 08:15,50.2,446,66,4,12.5
2022/4/10 08:30,48.3,463,49,2,12.7
2022/4/10 08:45,48.7,460,65,6,13.8
2022/4/10 09:00,48.9,458,49,2,13.8
2022/4/10 09:15,50.5,443,59,4,13.5
2022/4/10 09:30,48.4,463,56,4,12
2022/4/10 09:45,48.7,459,52,1,13.5
2022/4/10 10:00,48.4,463,55,3,11.7
2022/4/10 10:15,47.6,471,56,4,13.7
2022/4/10 10:30,44.2,507,70,2,13.5
2022/4/10 10:45,45.5,492,80,1,13.2
2022/4/10 11:00,45.2,495,73,3,13
2022/4/10 11:15,43.1,519,74,2,15.6
2022/4/10 11:30,41.4,541,70,2,10.9
2022/4/11 08:00,42.4,528,74,2,13
2022/4/11 08:15,44.6,502,72,6,12.9
2022/4/11 08:30,42.2,530,81,3,13.5
2022/4/11 08:45,43.1,519,79,3,15.3
2022/4/11 09:00,42.4,528,78,3,12.2
2022/4/11 09:15,43.4,516,75,3,14.2
2022/4/11 09:30,43.5,515,78,2,12.9
2022/4/11 09:45,42.9,522,73,1,13.7
2022/4/11 10:00,42.9,521,79,2,12.7
2022/4/11 10:15,44.6,503,81,3,11.6
2022/4/11 10:30,44.2,506,78,2,16.3
2022/4/11 10:45,42.8,523,71,2,11.8
2022/4/11 11:00,42.3,529,72,4,12.6
2022/4/11 11:15,42.8,524,74,6,10
2022/4/11 11:30,44,509,73,6,12.2
2022/4/12 08:00,25.2,889,76,4,13.9
2022/4/12 08:15,24.1,928,93,1,11.3
2022/4/12 08:30,15.8,1417,90,2,11
2022/4/12 08:45,12.1,1846,87,2,9.7
2022/4/12 09:00,15.2,1471,87,3,12.4
2022/4/12 09:15,17.5,1279,82,2,12.4
2022/4/12 09:30,20,1117,79,2,13.8
2022/4/12 09:45,39.1,573,79,2,14.7
2022/4/12 10:00,43.6,513,86,1,12.3
2022/4/12 10:15,41.1,545,87,2,14.5
2022/4/12 10:30,40.4,555,77,1,13.1
2022/4/12 10:45,39.2,571,74,2,10.8
2022/4/12 11:00,37.2,602,90,2,10.6
2022/4/12 11:15,33.3,673,87,2,13.3
2022/4/12 11:30,30.1,744,76,3,13.7
2022/4/13 08:00,43.8,511,78,2,13.5
2022/4/13 08:15,33.5,669,84,3,12.7
2022/4/13 08:30,39.4,569,79,3,12.8
2022/4/13 08:45,42,533,74,4,14.9
2022/4/13 09:00,43.7,513,73,1,14.9
2022/4/13 09:15,45.4,493,71,2,11.3
2022/4/13 09:30,45.2,495,81,2,13.6
2022/4/13 09:45,42.7,524,91,2,14.5
2022/4/13 10:00,45.5,492,84,2,13.8
2022/4/13 10:15,39.6,565,80,2,11.7
2022/4/13 10:30,41.6,538,82,3,14.7
2022/4/13 10:45,41.8,535,73,3,10.2
2022/4/13 11:00,41.4,540,79,3,12.8
2022/4/13 11:15,40.1,558,76,2,12.7
2022/4/13 11:30,36.3,617,80,3,12.1
2022/4/14 08:00,36.9,606,73,2,11
2022/4/14 08:15,44.3,506,82,1,12.2
2022/4/14 08:30,40.4,554,86,2,11.5
2022/4/14 08:45,42.9,522,78,3,11.6
2022/4/14 09:00,42.1,532,81,1,13.1
2022/4/14 09:15,43.4,516,83,1,15.2
2022/4/14 09:30,44.6,502,73,2,12.5
2022/4/14 09:45,43.9,510,75,3,12.1
2022/4/14 10:00,41.9,535,78,3,13.6
2022/4/14 10:15,41.9,534,77,2,12
2022/4/14 10:30,40.7,550,75,3,10.9
2022/4/14 10:45,42.9,522,77,2,14.1
2022/4/14 11:00,40.5,553,81,3,11.2
2022/4/14 11:15,35.9,623,77,2,10.7
2022/4/14 11:30,37.3,600,76,1,14.6
2022/4/16 08:00,49.3,455,59,2,13.7
2022/4/16 08:15,46.8,478,66,3,14.8
2022/4/16 08:30,48.7,459,73,2,12.9
2022/4/16 08:45,48.7,460,67,3,12.4
2022/4/16 09:00,47.6,470,58,6,11.9
2022/4/16 09:15,45.8,489,63,3,13.8
2022/4/16 09:30,44.3,505,65,2,11.1
2022/4/16 09:45,42.7,524,77,3,13.1
2022/4/16 10:00,42.9,521,75,3,13.7
2022/4/16 10:15,43.2,519,81,3,12.5
2022/4/16 10:30,39.5,567,78,3,12.5
2022/4/16 10:45,38.1,588,74,2,11.5
2022/4/16 11:00,37.8,592,74,2,12.6
2022/4/16 11:15,36.6,612,71,3,14.4
2022/4/16 11:30,36.1,619,74,6,11.7
2022/4/19 08:00,33.2,675,86,2,16.7
2022/4/19 08:15,30.3,738,72,4,11.8
2022/4/19 08:30,31.3,716,80,3,13
2022/4/19 08:45,23,973,75,3,13
2022/4/19 09:00,37.5,598,72,4,14.9
2022/4/19 09:15,41.7,536,80,3,12.4
2022/4/19 09:30,39.7,564,87,1,10.3
2022/4/19 09:45,41.5,540,84,3,14.5
2022/4/19 10:00,43.4,516,81,4,14.8
2022/4/19 10:15,42.1,532,70,3,15.8
2022/4/19 10:30,40.4,554,76,3,11.6
2022/4/19 10:45,42,533,81,2,12.3
2022/4/19 11:00,41.7,537,84,1,11.6
2022/4/19 11:15,38.4,583,82,3,9.7
2022/4/19 11:30,36.7,610,85,2,14.7
2022/4/20 08:00,44,509,77,2,13
2022/4/20 08:15,41.7,537,83,1,10.6
2022/4/20 08:30,39.7,565,85,6,13.9
2022/4/20 08:45,33.1,676,84,3,12.4
2022/4/20 09:00,42.9,522,77,3,12.1
2022/4/20 09:15,44.8,499,67,4,10.5
2022/4/20 09:30,42.3,529,83,3,13.4
2022/4/20 09:45,41.8,536,67,6,12.5
2022/4/20 10:00,40.6,551,76,3,14.3
2022/4/20 10:15,38,590,90,1,12.4
2022/4/20 10:30,40.9,548,83,4,8.5
2022/4/20 10:45,40,559,84,1,11.5
2022/4/20 11:00,39.1,573,85,2,12.9
2022/4/20 11:15,37.1,604,89,3,12.4
2022/4/20 11:30,28.7,781,87,3,11.2
2022/4/21 08:00,35.8,625,80,2,12.9
2022/4/21 08:15,39.2,572,79,3,13.2
2022/4/21 08:30,41.2,544,87,2,15.1
2022/4/21 08:45,35.7,626,85,1,14.1
2022/4/21 09:00,34,658,76,2,12.7
2022/4/21 09:15,42.5,526,86,6,10.1
2022/4/21 09:30,42.7,524,83,3,12.2
2022/4/21 09:45,42.7,525,86,3,10.6
2022/4/21 10:00,42.1,532,82,2,16.7
2022/4/21 10:15,41.8,536,74,2,10.9
2022/4/21 10:30,40.9,547,76,3,12.6
2022/4/21 10:45,39.4,568,80,4,10.6
2022/4/21 11:00,37.7,593,85,2,13.8
2022/4/21 11:15,37.3,600,90,4,12.8
2022/4/21 11:30,36.6,612,85,4,14.4
2022/4/22 08:00,44.6,502,75,3,14.1
2022/4/22 08:15,41.7,537,77,2,13.2
2022/4/22 08:30,43.8,511,86,2,11.9
2022/4/22 08:45,44.8,499,79,3,11.8
2022/4/22 09:00,42.7,524,84,2,11.5
2022/4/22 09:15,31.1,720,71,2,9.4
2022/4/22 09:30,39,575,86,3,11.3
2022/4/22 09:45,40.2,557,80,2,9.8
2022/4/22 10:00,39.5,567,81,2,11.4
2022/4/22 10:15,41.2,543,81,2,13
2022/4/22 10:30,41.5,540,82,2,11.7
2022/4/22 10:45,40,560,81,2,14.3
2022/4/22 11:00,38.7,578,87,2,10.8
2022/4/22 11:15,36.8,608,82,2,11.1
2022/4/22 11:30,36.4,616,83,3,15.5
2022/4/23 08:00,47.9,467,58,6,13.9
2022/4/23 08:15,45.9,487,50,6,12
2022/4/23 08:30,46.4,482,51,3,13.3
2022/4/23 08:45,47.8,469,74,2,14.7
2022/4/23 09:00,44.2,506,81,3,11.5
2022/4/23 09:15,38.4,582,85,3,12.8
2022/4/23 09:30,26.8,837,78,6,11.4
2022/4/23 09:45,24.2,924,74,2,11.8
2022/4/23 10:00,17.4,1290,78,1,14.7
2022/4/23 10:15,14.4,1556,73,2,11.1
2022/4/23 10:30,14.9,1501,69,2,14.6
2022/4/23 10:45,15.5,1441,62,3,13.8
2022/4/23 11:00,16.8,1331,68,2,9.8
2022/4/23 11:15,19.2,1164,76,3,16.9
2022/4/23 11:30,21.4,1045,80,3,9.7
2022/4/24 08:00,48.7,459,65,3,11
2022/4/24 08:15,50.3,445,52,3,13.5
2022/4/24 08:30,50.1,447,56,2,13.1
2022/4/24 08:45,47.8,468,59,1,15
2022/4/24 09:00,48.8,459,45,3,12.7
2022/4/24 09:15,46.6,480,53,3,10.4
2022/4/24 09:30,45.4,493,72,1,12.9
2022/4/24 09:45,47.5,471,57,4,9.6
2022/4/24 10:00,44.4,504,59,2,9.8
2022/4/24 10:15,45.3,494,72,2,12.8
2022/4/24 10:30,44.2,507,68,2,12.1
2022/4/24 10:45,42.2,530,66,1,12.9
2022/4/24 11:00,41.2,543,76,6,10.5
2022/4/24 11:15,42,532,86,6,14.7
2022/4/24 11:30,40.5,553,90,4,9.4
2022/4/25 08:00,42.5,527,72,2,10.8
2022/4/25 08:15,41.8,535,83,6,13.2
2022/4/25 08:30,30.2,742,87,2,10.8
2022/4/25 08:45,41.1,545,89,2,13.5
2022/4/25 09:00,41.7,537,82,6,14
2022/4/25 09:15,43.6,513,78,2,13.4
2022/4/25 09:30,43.4,516,67,3,10.8
2022/4/25 09:45,43.7,512,77,2,11.1
2022/4/25 10:00,43.1,520,77,1,11.2
2022/4/25 10:15,42.4,528,82,4,13.7
2022/4/25 10:30,43.1,520,82,2,13.1
2022/4/25 10:45,41,546,77,3,11.9
2022/4/25 11:00,36.9,607,85,3,9.6
2022/4/25 11:15,37.6,596,79,1,10.2
2022/4/25 11:30,37,605,80,2,13.9
2022/4/26 08:00,32.1,697,79,2,13.2
2022/4/26 08:15,42.4,528,85,3,12.8
2022/4/26 08:30,42.4,528,65,2,12.5
2022/4/26 08:45,42.4,528,87,1,11.8
2022/4/26 09:00,45.2,495,78,2,15.6
2022/4/26 09:15,45.5,492,69,3,11.2
2022/4/26 09:30,44.9,498,78,4,14.2
2022/4/26 09:45,44.5,503,81,3,12
2022/4/26 10:00,42.7,524,88,4,10
2022/4/26 10:15,42.1,532,83,4,11.4
2022/4/26 10:30,41.5,539,69,1,13
2022/4/26 10:45,42.9,522,75,3,10.3
2022/4/26 11:00,42.3,530,77,6,12.6
2022/4/26 11:15,37.8,592,83,6,13.8
2022/4/26 11:30,37.8,592,81,3,11.4
2022/4/28 08:00,44.9,498,82,2,12.7
2022/4/28 08:15,43.2,519,83,2,12.6
2022/4/28 08:30,44.8,500,80,2,12.6
2022/4/28 08:45,45.1,497,71,3,13.2
2022/4/28 09:00,44.8,500,74,2,14.2
2022/4/28 09:15,44.2,506,77,3,11.8
2022/4/28 09:30,42.2,531,76,3,10.7
2022/4/28 09:45,43,520,61,4,13.1
2022/4/28 10:00,43.2,518,74,6,11.5
2022/4/28 10:15,37.1,603,81,3,12.8
2022/4/28 10:30,36.9,608,77,2,13.2
2022/4/28 10:45,39.3,569,80,3,12
2022/4/28 11:00,37.4,598,74,4,15.5
2022/4/28 11:15,38.3,585,84,3,11
2022/4/28 11:30,38.9,575,88,3,14.4
2022/4/29 08:00,44,509,82,2,12.7
2022/4/29 08:15,45.5,492,74,3,13.5
2022/4/29 08:30,44.7,501,76,3,12.7
2022/4/29 08:45,38.4,583,80,2,12.5
2022/4/29 09:00,34.4,651,72,3,11.9
2022/4/29 09:15,42.9,521,82,2,12.5
2022/4/29 09:30,42.8,523,83,3,12.6
2022/4/29 09:45,40,560,78,3,11.4
2022/4/29 10:00,42.4,528,73,1,14.2
2022/4/29 10:15,42.6,526,73,2,13
2022/4/29 10:30,41.8,535,80,4,15
2022/4/29 10:45,39.7,564,82,4,13.3
2022/4/29 11:00,38.8,577,81,2,12.6
2022/4/29 11:15,38.6,580,81,2,11.1
2022/4/29 11:30,42.7,525,77,3,11
2022/5/9 08:00,35.4,633,84,2,13.5
2022/5/9 08:15,41,546,85,2,11.5
2022/5/9 08:30,39.4,568,73,1,15.7
2022/5/9 08:45,38.1,588,79,3,13.7
2022/5/9 09:00,43.7,512,71,3,14.4
2022/5/9 09:15,42.7,524,71,1,13
2022/5/9 09:30,44.8,499,65,2,13.7
2022/5/9 09:45,43.9,510,70,2,10.6
2022/5/9 10:00,42.7,525,54,3,14
2022/5/9 10:15,43,520,62,4,12.8
2022/5/9 10:30,37.9,591,84,3,13.5
2022/5/9 10:45,40.9,547,82,2,14
2022/5/9 11:00,41.7,536,84,2,14.4
2022/5/9 11:15,38.7,579,87,1,12.6
2022/5/9 11:30,42.7,524,80,2,13.1
2022/5/10 08:00,45.7,490,67,3,13.2
2022/5/10 08:15,37.8,592,75,3,13.2
2022/5/10 08:30,37.6,595,85,4,12.4
2022/5/10 08:45,42,533,72,2,11.8
2022/5/10 09:00,43,521,79,3,10.6
2022/5/10 09:15,43.9,511,80,2,12.8
2022/5/10 09:30,44.3,506,75,2,12.9
2022/5/10 09:45,42.6,526,74,3,13.2
2022/5/10 10:00,41.6,538,75,2,11.9
2022/5/10 10:15,45.7,490,82,2,10.3
2022/5/10 10:30,44.1,508,79,2,13.1
2022/5/10 10:45,45.3,494,78,3,11.7
2022/5/10 11:00,43.3,517,69,3,9.8
2022/5/10 11:15,42.8,523,83,3,13
2022/5/10 11:30,41.7,537,78,4,13.4
2022/5/11 08:00,37,605,70,2,12.9
2022/5/11 08:15,40.1,558,70,3,12.1
2022/5/11 08:30,42.6,525,78,3,10.1
2022/5/11 08:45,42.9,521,81,3,13.4
2022/5/11 09:00,45.6,491,77,6,12.5
2022/5/11 09:15,44,508,76,2,12.8
2022/5/11 09:30,43.3,517,59,3,10.6
2022/5/11 09:45,43.3,518,71,1,12.4
2022/5/11 10:00,46.4,482,71,3,12.5
2022/5/11 10:15,45.9,487,68,2,11.7
2022/5/11 10:30,46.2,484,71,1,11.1
2022/5/11 10:45,44.2,507,75,2,12.4
2022/5/11 11:00,44.6,502,75,3,14.1
2022/5/11 11:15,40.9,547,85,3,10.7
2022/5/11 11:30,40.2,557,84,3,10.6
2022/5/12 08:00,40.3,555,73,2,11.3
2022/5/12 08:15,28.4,789,85,2,14.6
2022/5/12 08:30,32.8,682,86,3,11.1
2022/5/12 08:45,26.6,843,74,3,11.7
2022/5/12 09:00,39,574,69,4,13.8
2022/5/12 09:15,44.2,506,78,3,11.3
2022/5/12 09:30,46.2,485,80,2,10.5
2022/5/12 09:45,44,508,69,6,11.2
2022/5/12 10:00,44.8,500,73,4,11.9
2022/5/12 10:15,42.9,522,79,3,17.2
2022/5/12 10:30,42.6,525,74,4,13.8
2022/5/12 10:45,42,533,70,3,9.6
2022/5/12 11:00,40.8,549,73,4,12.7
2022/5/12 11:15,41.9,534,77,1,12.8
2022/5/12 11:30,42,533,70,6,10.7
2022/5/13 08:00,46.1,486,62,4,11.2
2022/5/13 08:15,46.4,482,75,2,17.6
2022/5/13 08:30,42.2,531,84,2,13.4
2022/5/13 08:45,43.5,514,85,3,15.7
2022/5/13 09:00,46.1,485,78,6,13.3
2022/5/13 09:15,45.4,493,69,2,14.8
2022/5/13 09:30,45.3,495,80,2,10.9
2022/5/13 09:45,43.9,509,81,4,12.6
2022/5/13 10:00,42.1,531,87,3,10.4
2022/5/13 10:15,42.1,532,80,4,12.4
2022/5/13 10:30,43.6,514,75,2,14.1
2022/5/13 10:45,44.9,498,78,3,9.4
2022/5/13 11:00,42.3,530,83,3,12.6
2022/5/13 11:15,40.2,556,79,2,12
2022/5/13 11:30,41.9,535,79,3,11.4
2022/5/14 08:00,53.7,417,55,2,14
2022/5/14 08:15,51.5,434,44,2,11.2
2022/5/14 08:30,48.2,465,63,2,13.2
2022/5/14 08:45,50.6,443,71,2,13.5
2022/5/14 09:00,49.2,455,68,4,11.7
2022/5/14 09:15,46.2,484,57,1,12.1
2022/5/14 09:30,47.1,475,71,4,11.7
2022/5/14 09:45,46.7,480,76,3,12.7
2022/5/14 10:00,43.6,514,71,3,13.6
2022/5/14 10:15,44.2,507,72,2,12.7
2022/5/14 10:30,44.2,506,77,6,11.4
2022/5/14 10:45,44.1,507,69,3,12.1
2022/5/14 11:00,45.1,496,78,3,9.4
2022/5/14 11:15,44.3,506,72,3,12.6
2022/5/14 11:30,44.3,506,68,6,13.5
2022/5/15 08:00,54.5,411,63,2,13.4
2022/5/15 08:15,51.6,434,52,2,13.8
2022/5/15 08:30,49.5,452,53,3,13.3
2022/5/15 08:45,51,439,42,2,11.9
2022/5/15 09:00,53.1,421,49,3,17
2022/5/15 09:15,50.9,440,63,3,12.4
2022/5/15 09:30,49,457,54,2,11.2
2022/5/15 09:45,47.5,472,43,2,12.3
2022/5/15 10:00,48.7,460,60,3,12.9
2022/5/15 10:15,48.2,464,60,3,12.5
2022/5/15 10:30,48,467,65,3,12.5
2022/5/15 10:45,46.2,485,54,2,13.3
2022/5/15 11:00,46.9,477,57,6,14.3
2022/5/15 11:15,45.8,489,56,2,11
2022/5/15 11:30,46.4,482,72,2,13.1
2022/5/16 08:00,43.3,516,72,2,14.4
2022/5/16 08:15,43.6,513,87,3,16.8
2022/5/16 08:30,41.5,539,84,3,11.4
2022/5/16 08:45,39.3,570,78,3,13.5
2022/5/16 09:00,42.1,531,74,6,9
2022/5/16 09:15,45.1,497,75,3,9.3
2022/5/16 09:30,44,509,78,1,14.8
2022/5/16 09:45,44.6,502,78,3,13.8
2022/5/16 10:00,46.6,481,67,1,13.7
2022/5/16 10:15,44.8,500,59,6,13.2
2022/5/16 10:30,45.9,488,70,4,10.9
2022/5/16 10:45,43.1,520,72,1,11.8
2022/5/16 11:00,44.8,500,72,3,14.3
2022/5/16 11:15,42.6,526,70,2,13.6
2022/5/16 11:30,42.8,523,71,2,10.2
2022/5/17 08:00,31.2,717,64,2,13.8
2022/5/17 08:15,37.1,603,66,2,12.9
2022/5/17 08:30,40.8,549,82,3,11.2
2022/5/17 08:45,37.7,594,74,3,11.7
2022/5/17 09:00,37.4,599,76,1,11.6
2022/5/17 09:15,46,486,69,6,12
2022/5/17 09:30,45.1,497,75,2,13.4
2022/5/17 09:45,44.7,501,73,2,14.5
2022/5/17 10:00,44.6,502,60,3,15.1
2022/5/17 10:15,46.3,483,63,1,12.1
2022/5/17 10:30,45.4,494,64,1,14.5
2022/5/17 10:45,44.4,504,66,4,13
2022/5/17 11:00,46.6,481,70,6,15
2022/5/17 11:15,43.5,515,63,3,10.9
2022/5/17 11:30,43.1,520,66,3,12.8
2022/5/18 08:00,35.8,625,66,2,9.3
2022/5/18 08:15,31.8,704,73,3,12.7
2022/5/18 08:30,28.1,798,82,3,13.6
2022/5/18 08:45,39,574,76,4,13.1
2022/5/18 09:00,44.5,503,77,2,14.2
2022/5/18 09:15,45.9,488,73,3,11.7
2022/5/18 09:30,46.4,483,71,3,14.3
2022/5/18 09:45,46.3,483,72,2,11.7
2022/5/18 10:00,46.4,482,71,2,12.9
2022/5/18 10:15,44.4,505,67,4,11.7
2022/5/18 10:30,46.1,486,71,2,11.4
2022/5/18 10:45,43.9,510,74,3,12.6
2022/5/18 11:00,41.8,536,60,2,13
2022/5/18 11:15,40,559,61,3,12
2022/5/18 11:30,34.8,643,65,6,11.6
2022/5/19 08:00,37.8,593,64,3,12.8
2022/5/19 08:15,31.4,714,63,4,13.1
2022/5/19 08:30,28.5,786,83,2,14.4
2022/5/19 08:45,37.1,603,85,2,14
2022/5/19 09:00,36.1,621,61,3,10.5
2022/5/19 09:15,43.4,516,55,3,12.2
2022/5/19 09:30,44.9,498,66,3,12.2
2022/5/19 09:45,46.5,481,70,2,12.2
2022/5/19 10:00,44.5,503,68,1,12.4
2022/5/19 10:15,44.8,500,68,3,12.2
2022/5/19 10:30,45,497,73,3,12.1
2022/5/19 10:45,45.4,493,65,3,12.7
2022/5/19 11:00,41.3,542,64,3,12.3
2022/5/19 11:15,43.2,518,65,2,12.3
2022/5/19 11:30,43.3,517,76,1,10.9
2022/5/20 08:00,45.7,490,73,3,12.5
2022/5/20 08:15,42.9,522,79,1,11.3
2022/5/20 08:30,38.7,578,79,3,15.5
2022/5/20 08:45,40.5,553,85,2,11.9
2022/5/20 09:00,43.5,514,74,3,13.2
2022/5/20 09:15,45.4,494,56,3,13
2022/5/20 09:30,44.2,506,75,2,12.5
2022/5/20 09:45,41.1,545,71,2,13.3
2022/5/20 10:00,42.8,523,75,1,12.4
2022/5/20 10:15,43.4,516,64,2,16.3
2022/5/20 10:30,44,509,79,3,12.9
2022/5/20 10:45,43.3,517,71,1,12.1
2022/5/20 11:00,36,622,75,3,12.1
2022/5/20 11:15,36.2,619,78,6,12.8
2022/5/20 11:30,40.3,556,71,2,10.8
2022/5/21 08:00,49.2,455,42,4,11.5
2022/5/21 08:15,49.7,450,44,2,14.2
2022/5/21 08:30,48.4,463,65,3,12.4
2022/5/21 08:45,49.8,449,61,3,14.9
2022/5/21 09:00,50.9,440,58,3,12.8
2022/5/21 09:15,48.4,463,71,3,12.5
2022/5/21 09:30,48.6,460,69,2,14.2
2022/5/21 09:45,48.1,465,68,2,13.5
2022/5/21 10:00,47.2,474,63,3,14
2022/5/21 10:15,46.4,483,67,1,13.8
2022/5/21 10:30,47.4,472,71,3,13.3
2022/5/21 10:45,44,509,68,2,14.2
2022/5/21 11:00,44.9,499,64,2,12.4
2022/5/21 11:15,44.2,506,75,2,11.5
2022/5/21 11:30,42.7,525,71,2,12.6
2022/5/22 08:00,53,423,60,2,11.5
2022/5/22 08:15,52.7,425,69,2,10.8
2022/5/22 08:30,52,430,38,2,13.2
2022/5/22 08:45,51.6,434,70,2,12.1
2022/5/22 09:00,52.2,429,38,4,14.1
2022/5/22 09:15,51.5,435,54,2,12.3
2022/5/22 09:30,51.3,437,45,3,10.4
2022/5/22 09:45,50.7,442,71,1,13.2
2022/5/22 10:00,51.6,434,51,3,14.4
2022/5/22 10:15,50.9,440,41,2,9
2022/5/22 10:30,51,439,55,2,15.8
2022/5/22 10:45,49.6,451,55,3,9.9
2022/5/22 11:00,50.3,445,46,3,12.8
2022/5/22 11:15,49.6,451,47,2,12.9
2022/5/22 11:30,48.7,459,66,1,15.2
2022/5/23 08:00,43.9,510,77,1,13
2022/5/23 08:15,40,560,74,4,12.4
2022/5/23 08:30,34.4,651,76,2,10
2022/5/23 08:45,39.1,573,64,4,14.6
2022/5/23 09:00,46.2,485,77,3,14.7
2022/5/23 09:15,44.7,501,73,4,10.6
2022/5/23 09:30,44.3,505,68,3,16.5
2022/5/23 09:45,45.1,496,66,6,13.2
2022/5/23 10:00,47.6,471,64,1,11.6
2022/5/23 10:15,45,498,63,3,13.4
2022/5/23 10:30,44.8,500,61,3,14.7
2022/5/23 10:45,45.6,490,70,3,10.3
2022/5/23 11:00,42.5,526,67,3,11.1
2022/5/23 11:15,45.2,496,79,2,11.6
2022/5/23 11:30,45.9,487,79,3,12.4
2023/3/23 08:00,42.9,695,89,3,11.7
2023/3/23 08:15,45.9,649,91,2,12.5
2023/3/23 08:30,46.3,643,93,3,15.2
2023/3/23 08:45,46,647,89,2,10.9
2023/3/23 09:00,47.5,628,85,2,13.3
2023/3/23 09:15,49.1,607,90,2,11
2023/3/23 09:30,47.9,622,89,6,10.5
2023/3/23 09:45,45.8,651,86,2,12.3
2023/3/23 10:00,48.4,616,91,2,11.6
2023/3/23 10:15,48.3,617,83,3,11.9
2023/3/23 10:30,46.3,643,89,2,12.4
2023/3/23 10:45,45.3,657,87,4,14.6
2023/3/23 11:00,43.8,681,87,1,10
2023/3/23 11:15,45,662,89,6,13
2023/3/23 11:30,47.9,622,90,3,11.2
2023/3/24 08:00,50,596,85,2,12.6
2023/3/24 08:15,51,584,84,3,12.4
2023/3/24 08:30,48.6,613,89,4,15.2
2023/3/24 08:45,49.4,603,95,3,11.4
2023/3/24 09:00,47.4,629,93,2,10.8
2023/3/24 09:15,48.8,611,89,4,12.8
2023/3/24 09:30,46.6,640,91,3,11.7
2023/3/24 09:45,45.2,659,92,2,15.1
2023/3/24 10:00,44.4,671,87,2,11.7
2023/3/24 10:15,45.3,658,88,2,12.3
2023/3/24 10:30,46.5,641,91,4,13.3
2023/3/24 10:45,47.3,630,91,3,12.1
2023/3/24 11:00,46.6,640,91,3,12.3
2023/3/24 11:15,43.2,689,92,2,13
2023/3/24 11:30,42.1,708,89,4,12.8
2023/3/25 08:00,55.4,538,66,4,11.7
2023/3/25 08:15,55,542,61,6,12.4
2023/3/25 08:30,50.3,592,74,3,11.4
2023/3/25 08:45,51.1,583,82,6,10.5
2023/3/25 09:00,51.5,579,82,1,13.3
2023/3/25 09:15,48.9,609,85,3,10.4
2023/3/25 09:30,48.8,611,86,2,13.7
2023/3/25 09:45,47.6,626,90,2,16.4
2023/3/25 10:00,49.8,599,91,2,13.2
2023/3/25 10:15,48.6,613,89,4,12.7
2023/3/25 10:30,46.8,637,86,2,14.6
2023/3/25 10:45,47.4,628,87,3,10.7
2023/3/25 11:00,46.6,639,86,3,13.2
2023/3/25 11:15,46.2,644,88,1,11.9
2023/3/25 11:30,46.9,635,86,1,11.3
2023/3/26 08:00,62.2,479,53,2,12.3
2023/3/26 08:15,59.1,504,58,3,12
2023/3/26 08:30,57.3,520,65,1,11.5
2023/3/26 08:45,54.4,548,67,1,11.2
2023/3/26 09:00,56.8,525,62,2,8.9
2023/3/26 09:15,55.1,541,58,2,12
2023/3/26 09:30,54.3,549,76,2,14.9
2023/3/26 09:45,53.9,552,76,2,12.3
2023/3/26 10:00,52.4,569,83,3,14
2023/3/26 10:15,50.3,592,78,2,13.5
2023/3/26 10:30,50.2,594,79,3,12.9
2023/3/26 10:45,51.8,575,78,2,12.9
2023/3/26 11:00,50.8,587,77,3,11.6
2023/3/26 11:15,47.7,625,83,2,13.7
2023/3/26 11:30,48.8,611,80,6,12.9
2023/3/27 08:00,43,693,89,4,13.2
2023/3/27 08:15,45.6,654,88,3,8.7
2023/3/27 08:30,45.2,659,86,2,8.6
2023/3/27 08:45,48.9,610,87,2,14
2023/3/27 09:00,48.3,617,90,3,11.5
2023/3/27 09:15,48.8,610,89,2,11.9
2023/3/27 09:30,50.1,594,89,3,14.3
2023/3/27 09:45,49,608,89,3,13.3
2023/3/27 10:00,50,595,88,3,9.2
2023/3/27 10:15,44.7,667,83,1,14.4
2023/3/27 10:30,40,745,85,1,13.1
2023/3/27 10:45,45.6,653,87,6,12.8
2023/3/27 11:00,45.5,654,85,3,13
2023/3/27 11:15,44.5,670,90,4,9.8
2023/3/27 11:30,46.7,638,93,1,13.9
2023/3/28 08:00,42.8,697,90,3,14.2
2023/3/28 08:15,47.3,630,89,3,12.5
2023/3/28 08:30,46.8,636,91,2,10.7
2023/3/28 08:45,49.5,602,94,4,12.9
2023/3/28 09:00,49.1,607,89,2,15.1
2023/3/28 09:15,50.8,587,87,2,12.5
2023/3/28 09:30,48,621,87,2,14
2023/3/28 09:45,49.4,603,92,3,11.1
2023/3/28 10:00,47.8,623,89,1,10.8
2023/3/28 10:15,45.8,650,90,3,11.4
2023/3/28 10:30,46.1,646,92,3,13.8
2023/3/28 10:45,46.2,645,86,2,12.2
2023/3/28 11:00,38.9,766,77,3,12.5
2023/3/28 11:15,42.3,704,90,2,14.9
2023/3/28 11:30,47.6,626,93,2,13.1
2023/3/29 08:00,49.3,604,91,4,13
2023/3/29 08:15,50.1,594,91,2,10.2
2023/3/29 08:30,49.2,605,92,4,13.2
2023/3/29 08:45,48.2,619,93,1,13.6
2023/3/29 09:00,48.8,610,93,2,12.7
2023/3/29 09:15,48.4,616,89,3,13.7
2023/3/29 09:30,47.6,626,88,2,11.1
2023/3/29 09:45,46.7,638,89,1,14.1
2023/3/29 10:00,46.5,641,87,3,12.1
2023/3/29 10:15,46,647,87,1,13.2
2023/3/29 10:30,46.3,644,89,3,11.5
2023/3/29 10:45,46.7,638,91,4,12.8
2023/3/29 11:00,44.9,664,89,2,15.4
2023/3/29 11:15,46.3,644,86,2,11.6
2023/3/29 11:30,46,648,87,1,11.4
2023/3/30 08:00,47.4,629,91,3,11.4
2023/3/30 08:15,45.6,654,94,2,13.5
2023/3/30 08:30,44.7,667,93,2,14.1
2023/3/30 08:45,47.5,627,92,1,12.1
2023/3/30 09:00,49.4,603,86,3,12.9
2023/3/30 09:15,49.4,604,91,4,12.9
2023/3/30 09:30,48.8,610,92,1,13
2023/3/30 09:45,48.4,616,91,3,14.2
2023/3/30 10:00,49.3,604,83,3,13.9
2023/3/30 10:15,47.8,623,87,3,13.7
2023/3/30 10:30,48,621,89,4,13.9
2023/3/30 10:45,46.2,645,89,1,11.7
2023/3/30 11:00,45.8,651,88,2,15.7
2023/3/30 11:15,45.1,661,89,3,11.8
2023/3/30 11:30,47.8,623,93,4,14.6
2023/3/31 08:00,50.5,590,89,1,12.8
2023/3/31 08:15,47.2,632,91,2,13
2023/3/31 08:30,45.8,650,92,3,12.4
2023/3/31 08:45,47.5,628,95,2,12
2023/3/31 09:00,46.5,640,93,3,12.1
2023/3/31 09:15,46.8,637,85,4,12.5
2023/3/31 09:30,49.4,603,88,4,11.2
2023/3/31 09:45,47.1,633,87,2,12.3
2023/3/31 10:00,47.3,629,88,2,11
2023/3/31 10:15,46.7,637,91,3,13.1
2023/3/31 10:30,46.6,640,89,6,13.1
2023/3/31 10:45,45.2,659,90,2,12.9
2023/3/31 11:00,42.6,699,88,2,12.1
2023/3/31 11:15,44.6,667,88,4,12.4
2023/3/31 11:30,45.3,658,89,3,13.4
2023/4/1 08:00,55.2,540,56,4,11.7
2023/4/1 08:15,54.6,546,68,2,15.4
2023/4/1 08:30,48.7,612,69,3,12.7
2023/4/1 08:45,48.7,612,82,2,12.2
2023/4/1 09:00,53.1,562,84,2,12.9
2023/4/1 09:15,48.1,619,85,3,11.2
2023/4/1 09:30,49.1,607,82,3,13.4
2023/4/1 09:45,48,621,89,3,12.3
2023/4/1 10:00,45.8,651,90,4,13.3
2023/4/1 10:15,45.1,661,84,1,12.8
2023/4/1 10:30,43.1,692,90,1,12.4
2023/4/1 10:45,36.2,824,88,2,12.3
2023/4/1 11:00,37.5,795,86,3,15.1
2023/4/1 11:15,42.6,699,87,1,12.5
2023/4/1 11:30,44.8,665,88,1,11.2
2023/4/2 08:00,60,496,47,2,12.7
2023/4/2 08:15,56.3,529,58,1,10.7
2023/4/2 08:30,54.2,550,71,1,13.3
2023/4/2 08:45,54,552,71,2,11.5
2023/4/2 09:00,53,562,70,4,9.2
2023/4/2 09:15,52.5,568,76,3,11
2023/4/2 09:30,48.7,611,78,3,12.5
2023/4/2 09:45,48.1,620,81,3,14.5
2023/4/2 10:00,43.4,686,82,3,13.2
2023/4/2 10:15,41.8,713,87,3,15
2023/4/2 10:30,41.4,720,86,3,12.3
2023/4/2 10:45,27.6,1079,79,4,10.5
2023/4/2 11:00,31.3,951,90,3,9.6
2023/4/2 11:15,37.9,786,90,3,13.7
2023/4/2 11:30,34.5,864,91,3,13.7
2023/4/3 08:00,35.9,830,85,1,13.5
2023/4/3 08:15,37.2,800,89,2,15.7
2023/4/3 08:30,37.9,787,92,2,10.2
2023/4/3 08:45,44.1,676,91,2,11.5
2023/4/3 09:00,47.7,625,89,4,11.4
2023/4/3 09:15,46.5,640,89,4,13.8
2023/4/3 09:30,47,635,91,2,12.1
2023/4/3 09:45,44.9,664,91,2,12.9
2023/4/3 10:00,42.4,703,93,2,13
2023/4/3 10:15,38.4,776,88,2,12.6
2023/4/3 10:30,29.3,1016,86,4,13.3
2023/4/3 10:45,24.5,1219,91,2,13.8
2023/4/3 11:00,28,1063,91,6,11.6
2023/4/3 11:15,33.8,883,89,2,14.9
2023/4/3 11:30,35.9,831,88,4,15.6
2023/4/4 08:00,42,709,89,3,11.4
2023/4/4 08:15,40.4,738,90,3,11.9
2023/4/4 08:30,37.8,788,93,2,13.5
2023/4/4 08:45,43.3,688,95,1,13.9
2023/4/4 09:00,49,609,92,2,11.1
2023/4/4 09:15,46.4,642,91,3,14
2023/4/4 09:30,44.1,675,91,3,11.2
2023/4/4 09:45,41.1,726,94,3,11.5
2023/4/4 10:00,35.4,842,93,4,12.7
2023/4/4 10:15,33.8,880,88,3,10.7
2023/4/4 10:30,31.3,952,86,1,13.4
2023/4/4 10:45,27.8,1071,87,1,12.9
2023/4/4 11:00,24.3,1229,89,2,12
2023/4/4 11:15,26.9,1106,89,1,14.5
2023/4/4 11:30,26.6,1121,90,2,13.5
2023/4/5 08:00,49.1,607,92,4,12.1
2023/4/5 08:15,46.5,640,91,2,13.4
2023/4/5 08:30,43.8,681,92,2,12.8
2023/4/5 08:45,47.6,626,95,2,11
2023/4/5 09:00,47.8,624,94,3,12
2023/4/5 09:15,45,662,92,1,10.9
2023/4/5 09:30,43,693,94,2,15.7
2023/4/5 09:45,39.5,753,92,2,11.8
2023/4/5 10:00,29.9,998,87,2,12.3
2023/4/5 10:15,24.8,1200,91,1,11.4
2023/4/5 10:30,20.9,1424,89,2,13
2023/4/5 10:45,21.4,1393,85,2,12.2
2023/4/5 11:00,20,1489,84,2,11.5
2023/4/5 11:15,22.8,1305,86,1,11.9
2023/4/5 11:30,19.2,1550,87,3,15
2023/4/6 08:00,47.1,633,92,2,13
2023/4/6 08:15,45,662,91,1,11.1
2023/4/6 08:30,46.4,643,92,2,11.3
2023/4/6 08:45,42.2,705,93,1,13.2
2023/4/6 09:00,47.5,627,93,1,11.9
2023/4/6 09:15,47.3,630,92,2,11.7
2023/4/6 09:30,47.6,626,93,6,12.8
2023/4/6 09:45,45.7,652,92,2,15.2
2023/4/6 10:00,45,662,88,2,11.9
2023/4/6 10:15,43.8,681,90,2,12.4
2023/4/6 10:30,43.6,683,89,2,12.9
2023/4/6 10:45,42.9,695,92,3,11.9
2023/4/6 11:00,37.4,797,93,3,13
2023/4/6 11:15,38.2,780,93,4,12.8
2023/4/6 11:30,42.1,708,94,4,15.7
2023/4/8 08:00,49.1,607,74,2,9.9
2023/4/8 08:15,49.8,599,80,3,12.9
2023/4/8 08:30,47.9,622,82,2,12.2
2023/4/8 08:45,46.7,638,89,3,13.1
2023/4/8 09:00,43.7,682,89,2,11
2023/4/8 09:15,40.5,736,92,2,13.8
2023/4/8 09:30,36.4,819,88,3,12
2023/4/8 09:45,28.1,1061,89,1,12.6
2023/4/8 10:00,29.4,1013,82,2,13.4
2023/4/8 10:15,29.2,1020,86,4,8.8
2023/4/8 10:30,24.8,1201,87,1,13.5
2023/4/8 10:45,20.7,1437,88,2,11.1
2023/4/8 11:00,18.1,1649,85,4,11.4
2023/4/8 11:15,20.6,1444,83,3,11.7
2023/4/8 11:30,20.3,1467,80,6,11.1
2023/4/11 08:00,39.3,758,90,2,14.2
2023/4/11 08:15,44.7,667,92,3,13.5
2023/4/11 08:30,38,784,94,2,13.3
2023/4/11 08:45,41.5,718,94,2,13.5
2023/4/11 09:00,44.3,673,91,3,14.6
2023/4/11 09:15,45,662,91,4,11.3
2023/4/11 09:30,38.8,768,90,1,12.2
2023/4/11 09:45,31.5,946,91,1,13.4
2023/4/11 10:00,27.9,1067,93,3,13.8
2023/4/11 10:15,25,1190,89,4,11.9
2023/4/11 10:30,17.6,1692,87,3,12.7
2023/4/11 10:45,14.6,2046,84,4,11.1
2023/4/11 11:00,17.9,1665,85,1,12.8
2023/4/11 11:15,17.8,1673,80,2,13.8
2023/4/11 11:30,17.4,1710,86,1,12.4
2023/4/12 08:00,46.3,643,94,2,13
2023/4/12 08:15,46.4,643,90,2,12.5
2023/4/12 08:30,38.5,774,89,2,12.2
2023/4/12 08:45,43.9,679,88,3,13.1
2023/4/12 09:00,48.9,610,89,1,11.3
2023/4/12 09:15,47.2,632,91,2,12.8
2023/4/12 09:30,43.9,679,92,3,9.4
2023/4/12 09:45,35.3,844,89,4,14.4
2023/4/12 10:00,30.2,987,89,2,12.9
2023/4/12 10:15,37.6,793,91,3,13.2
2023/4/12 10:30,39.2,761,92,3,11.3
2023/4/12 10:45,33.9,880,93,2,15.8
2023/4/12 11:00,22.1,1350,89,3,13.1
2023/4/12 11:15,21.9,1360,86,1,13.1
2023/4/12 11:30,22.2,1342,78,2,13.1
2023/4/13 08:00,34.6,861,90,4,11.8
2023/4/13 08:15,29.5,1010,92,3,13
2023/4/13 08:30,38.9,765,92,2,9.9
2023/4/13 08:45,45.4,656,93,2,11.5
2023/4/13 09:00,45.9,649,93,6,12.7
2023/4/13 09:15,46,647,86,3,13.9
2023/4/13 09:30,43.5,685,92,2,14.3
2023/4/13 09:45,35.6,836,92,2,11.6
2023/4/13 10:00,30.9,966,92,3,9.9
2023/4/13 10:15,31.6,944,89,2,14.5
2023/4/13 10:30,30.9,965,86,3,13.1
2023/4/13 10:45,32.4,919,92,3,11.9
2023/4/13 11:00,30.7,970,90,2,12.2
2023/4/13 11:15,28.2,1058,87,3,10.9
2023/4/13 11:30,31.3,951,92,1,11.7
2023/4/14 08:00,47.8,623,89,2,12.3
2023/4/14 08:15,42.9,694,92,3,10.4
2023/4/14 08:30,42.2,706,94,3,14.7
2023/4/14 08:45,37.8,789,93,4,12.8
2023/4/14 09:00,32.9,906,94,1,15.7
2023/4/14 09:15,33.7,884,92,1,12.9
2023/4/14 09:30,31.7,939,90,3,11.8
2023/4/14 09:45,27.8,1071,90,2,13.4
2023/4/14 10:00,25.6,1162,92,6,12.8
2023/4/14 10:15,19.2,1552,90,2,12.7
2023/4/14 10:30,18.3,1628,86,3,12.5
2023/4/14 10:45,17,1750,83,2,11.2
2023/4/14 11:00,18.2,1636,85,4,12.4
2023/4/14 11:15,20.8,1431,84,6,10
2023/4/14 11:30,17.5,1707,82,1,13.4
2023/4/15 08:00,49.9,597,74,2,13
2023/4/15 08:15,47.5,627,88,2,11.9
2023/4/15 08:30,44.4,671,86,2,9.8
2023/4/15 08:45,40,744,89,2,12.2
2023/4/15 09:00,33.8,882,86,3,12.6
2023/4/15 09:15,32,930,87,2,9.3
2023/4/15 09:30,35.4,842,87,2,12.6
2023/4/15 09:45,35.1,849,87,3,11.4
2023/4/15 10:00,30.7,971,86,1,12.7
2023/4/15 10:15,25.4,1174,84,2,13.7
2023/4/15 10:30,20.2,1478,89,3,14.5
2023/4/15 10:45,23,1295,89,3,11.8
2023/4/15 11:00,21.1,1414,86,4,14.1
2023/4/15 11:15,16.9,1763,86,3,14
2023/4/15 11:30,15.6,1904,88,6,12.8
2023/4/16 08:00,54.3,549,63,2,13.1
2023/4/16 08:15,50.6,589,77,2,12
2023/4/16 08:30,47.5,627,83,3,12.8
2023/4/16 08:45,45,663,80,2,11.2
2023/4/16 09:00,44.8,666,81,1,12.5
2023/4/16 09:15,41.1,725,80,2,11.9
2023/4/16 09:30,39,765,89,2,13.9
2023/4/16 09:45,39.9,746,85,1,12.2
2023/4/16 10:00,37.6,793,90,1,10.9
2023/4/16 10:15,37.1,803,89,3,16.4
2023/4/16 10:30,29.3,1018,88,1,12.8
2023/4/16 10:45,32,932,85,3,12.7
2023/4/16 11:00,29.3,1018,87,2,11.3
2023/4/16 11:15,24.7,1208,86,2,14.5
2023/4/16 11:30,22.8,1308,85,3,10.5
2023/4/17 08:00,36.8,809,92,2,15.6
2023/4/17 08:15,35.7,834,92,2,14.6
2023/4/17 08:30,26.9,1110,93,6,8.5
2023/4/17 08:45,32.8,908,94,4,10.7
2023/4/17 09:00,41.6,716,92,2,12.1
2023/4/17 09:15,41.7,714,93,2,13.1
2023/4/17 09:30,34.3,868,91,4,9.2
2023/4/17 09:45,31,960,86,2,11.4
2023/4/17 10:00,27.8,1071,92,2,14.8
2023/4/17 10:15,28,1062,88,3,13
2023/4/17 10:30,27.2,1097,89,2,13
2023/4/17 10:45,22,1357,87,2,12.7
2023/4/17 11:00,24.8,1202,87,6,15.4
2023/4/17 11:15,29.7,1002,85,3,11.7
2023/4/17 11:30,29.9,997,86,3,10.7
2023/4/18 08:00,39.7,751,88,3,11.8
2023/4/18 08:15,31.6,944,88,1,12.4
2023/4/18 08:30,30.1,989,90,2,12.5
2023/4/18 08:45,39.8,749,91,6,13.4
2023/4/18 09:00,38.7,771,90,4,11.8
2023/4/18 09:15,40.8,730,87,3,13.1
2023/4/18 09:30,37.8,789,88,2,13.3
2023/4/18 09:45,30.2,988,92,1,13.7
2023/4/18 10:00,20.7,1440,86,4,13.3
2023/4/18 10:15,22.7,1315,83,3,12.8
2023/4/18 10:30,26,1148,88,3,12.3
2023/4/18 10:45,23.6,1262,85,2,14.1
2023/4/18 11:00,19,1567,81,1,12.1
2023/4/18 11:15,19.4,1534,83,4,9.9
2023/4/18 11:30,20.6,1445,88,2,14.3
2023/4/19 08:00,42.7,698,90,1,11.4
2023/4/19 08:15,46.8,637,90,2,11.3
2023/4/19 08:30,41.7,714,93,6,14.6
2023/4/19 08:45,38,785,91,3,14.2
2023/4/19 09:00,31.4,950,89,3,12.8
2023/4/19 09:15,27.8,1072,89,2,12.4
2023/4/19 09:30,19.6,1524,81,4,8.5
2023/4/19 09:45,22.3,1336,88,2,13.4
2023/4/19 10:00,22.8,1306,80,1,14.2
2023/4/19 10:15,17.2,1729,78,6,16.2
2023/4/19 10:30,14.3,2081,78,1,13.2
2023/4/19 10:45,15.9,1869,80,3,11.9
2023/4/19 11:00,15.4,1940,78,2,11.4
2023/4/19 11:15,11.1,2681,72,3,12.6
2023/4/19 11:30,9.7,3067,62,3,11.9
2023/4/20 08:00,39.1,763,91,2,13.9
2023/4/20 08:15,45.1,661,88,3,13.1
2023/4/20 08:30,43,693,92,3,14.5
2023/4/20 08:45,40.9,728,88,2,6.6
2023/4/20 09:00,34.3,870,86,3,11.8
2023/4/20 09:15,25.5,1170,86,2,16.9
2023/4/20 09:30,35.2,848,86,3,12.3
2023/4/20 09:45,40.2,741,91,2,13.1
2023/4/20 10:00,28.2,1055,88,4,14.1
2023/4/20 10:15,30.2,988,89,1,10.8
2023/4/20 10:30,22.6,1319,82,3,12.7
2023/4/20 10:45,21,1417,85,4,13.4
2023/4/20 11:00,19.7,1509,82,6,13.1
2023/4/20 11:15,21.4,1390,84,2,15
2023/4/20 11:30,20,1486,83,3,14.4
2023/4/21 08:00,48.6,613,91,6,13.7
2023/4/21 08:15,39.3,759,90,6,12.8
2023/4/21 08:30,34.1,874,92,3,13.6
2023/4/21 08:45,31.1,958,94,2,12
2023/4/21 09:00,31.1,959,92,3,11.3
2023/4/21 09:15,29.8,998,91,2,12.3
2023/4/21 09:30,37.8,788,90,2,13.6
2023/4/21 09:45,30.1,989,89,6,14.7
2023/4/21 10:00,32.7,911,90,2,10.8
2023/4/21 10:15,36.7,813,89,3,10.5
2023/4/21 10:30,35.8,832,86,2,14.2
2023/4/21 10:45,21.2,1405,81,4,13.3
2023/4/21 11:00,18.4,1617,86,1,15.6
2023/4/21 11:15,24.8,1201,89,2,13.4
2023/4/21 11:30,24,1240,89,1,9.8
2023/4/22 08:00,47,634,76,2,11.8
2023/4/22 08:15,44.7,666,77,3,13.6
2023/4/22 08:30,37.5,796,82,2,10
2023/4/22 08:45,35.9,831,83,3,11.3
2023/4/22 09:00,28,1064,85,2,9.1
2023/4/22 09:15,26.9,1108,81,3,13
2023/4/22 09:30,25.2,1182,83,2,9.5
2023/4/22 09:45,23.7,1256,85,3,11.4
2023/4/22 10:00,17.6,1695,84,2,14.1
2023/4/22 10:15,15.5,1921,82,1,11
2023/4/22 10:30,14.6,2042,81,2,12.4
2023/4/22 10:45,16.7,1781,84,3,13.9
2023/4/22 11:00,17.3,1722,77,2,10
2023/4/22 11:15,29.6,1006,80,2,10
2023/4/22 11:30,36.1,824,79,1,11.3
2023/4/23 08:00,50.2,593,82,6,12.2
2023/4/23 08:15,49.8,598,73,2,14
2023/4/23 08:30,48.3,618,74,1,15.2
2023/4/23 08:45,45.6,654,84,2,11
2023/4/23 09:00,42.6,699,79,3,13.4
2023/4/23 09:15,42.7,698,75,1,12
2023/4/23 09:30,44.8,665,85,2,15.9
2023/4/23 09:45,35.5,840,86,3,12.9
2023/4/23 10:00,32.6,913,83,4,10.7
2023/4/23 10:15,28.6,1043,80,2,11.3
2023/4/23 10:30,32.7,912,83,2,13.7
2023/4/23 10:45,27,1104,77,3,12
2023/4/23 11:00,23.3,1278,84,3,13.2
2023/4/23 11:15,24.5,1216,90,1,13.2
2023/4/23 11:30,20.9,1429,85,4,14
2023/4/24 08:00,36.4,818,90,2,11.1
2023/4/24 08:15,43.6,683,90,3,13.3
2023/4/24 08:30,42.9,694,93,3,11.1
2023/4/24 08:45,43.6,683,93,3,12.8
2023/4/24 09:00,41,727,92,6,11.6
2023/4/24 09:15,34.6,860,89,3,15.1
2023/4/24 09:30,38.4,775,89,3,12.5
2023/4/24 09:45,33.9,879,90,2,11.8
2023/4/24 10:00,34.2,870,89,4,11.3
2023/4/24 10:15,38.3,779,85,2,13.5
2023/4/24 10:30,34.4,865,85,1,12.7
2023/4/24 10:45,25.8,1154,88,4,13.5
2023/4/24 11:00,20.8,1429,85,3,11.7
2023/4/24 11:15,20.5,1456,86,3,11
2023/4/24 11:30,24.1,1237,86,2,15.1
2023/4/25 08:00,43.3,688,90,3,13.1
2023/4/25 08:15,36.5,817,90,1,12.1
2023/4/25 08:30,33.8,881,86,3,12.9
2023/4/25 08:45,30.8,968,89,4,14.7
2023/4/25 09:00,33.9,880,86,4,8.7
2023/4/25 09:15,36,827,91,1,14.4
2023/4/25 09:30,34.8,856,87,4,11.3
2023/4/25 09:45,28.3,1054,91,2,16
2023/4/25 10:00,25.5,1169,89,3,12
2023/4/25 10:15,23.7,1255,86,3,12.3
2023/4/25 10:30,26.6,1121,88,3,11.7
2023/4/25 10:45,26.3,1133,85,3,13.9
2023/4/25 11:00,24.1,1235,88,2,11.1
2023/4/25 11:15,20.6,1443,86,2,10.8
2023/4/25 11:30,20.4,1463,87,3,10.8
2023/4/26 08:00,48.3,617,92,2,15.9
2023/4/26 08:15,47.9,622,94,4,11.5
2023/4/26 08:30,47.2,632,93,4,13.4
2023/4/26 08:45,44.6,669,91,4,12.7
2023/4/26 09:00,43.8,681,93,3,10.7
2023/4/26 09:15,41.6,716,92,2,11.6
2023/4/26 09:30,39.6,752,91,3,14.5
2023/4/26 09:45,28.9,1031,92,1,11.2
2023/4/26 10:00,26.5,1126,88,2,12.1
2023/4/26 10:15,30.4,979,88,1,13.9
2023/4/26 10:30,26.9,1108,88,2,13.3
2023/4/26 10:45,23.2,1284,86,1,14.7
2023/4/26 11:00,28.4,1048,89,1,12
2023/4/26 11:15,31.2,954,89,2,10.5
2023/4/26 11:30,29.3,1016,89,3,10.5
2023/4/28 08:00,50.1,596,80,3,14.3
2023/4/28 08:15,50.7,589,78,2,9.3
2023/4/28 08:30,48.3,618,88,2,12.7
2023/4/28 08:45,44.9,664,87,1,14.2
2023/4/28 09:00,43.9,680,86,3,12.8
2023/4/28 09:15,43,695,85,6,14.9
2023/4/28 09:30,44.1,677,82,6,11
2023/4/28 09:45,40.3,740,87,6,12.7
2023/4/28 10:00,42.8,697,90,2,12.8
2023/4/28 10:15,36.3,821,88,4,7.7
2023/4/28 10:30,22.8,1311,87,2,14.5
2023/4/28 10:45,23.3,1280,85,3,13.1
2023/4/28 11:00,21.5,1385,85,1,14.8
2023/4/28 11:15,18.3,1631,85,2,12.5
2023/4/28 11:30,19.2,1557,88,3,9.9
2023/5/8 08:00,46.5,642,88,2,11.5
2023/5/8 08:15,48.5,615,92,2,13.7
2023/5/8 08:30,50,597,90,2,11.3
2023/5/8 08:45,47.9,623,90,3,11.9
2023/5/8 09:00,48.6,614,91,2,11.1
2023/5/8 09:15,47.8,625,89,3,10.7
2023/5/8 09:30,46.2,646,89,3,12.4
2023/5/8 09:45,42.7,699,89,3,11.4
2023/5/8 10:00,45.1,662,88,2,12.7
2023/5/8 10:15,44.8,665,88,2,13.3
2023/5/8 10:30,40.6,734,85,2,13.8
2023/5/8 10:45,38.1,783,81,2,12.3
2023/5/8 11:00,28.9,1033,89,6,13.6
2023/5/8 11:15,26.2,1138,82,2,12.8
2023/5/8 11:30,28.5,1046,84,1,13.1
2023/5/9 08:00,46.5,642,92,3,11.3
2023/5/9 08:15,39.3,760,85,3,12.3
2023/5/9 08:30,39.5,755,86,3,13.4
2023/5/9 08:45,40.8,732,90,6,12.5
2023/5/9 09:00,43.6,684,86,3,10.2
2023/5/9 09:15,49.2,606,87,1,14.3
2023/5/9 09:30,48.3,618,88,3,12.3
2023/5/9 09:45,48.3,618,89,3,13.5
2023/5/9 10:00,47.5,628,82,6,12.2
2023/5/9 10:15,48.1,620,85,3,13.4
2023/5/9 10:30,45.3,658,89,2,12.8
2023/5/9 10:45,41.1,726,85,3,13.2
2023/5/9 11:00,39.3,759,84,1,10.6
2023/5/9 11:15,36.7,814,92,3,14.6
2023/5/9 11:30,46.3,644,91,4,11.6
2023/5/10 08:00,49.2,606,89,2,12.3
2023/5/10 08:15,45.5,655,87,1,13.8
2023/5/10 08:30,38.3,779,93,3,11
2023/5/10 08:45,46.2,646,91,3,14.9
2023/5/10 09:00,43.8,681,85,6,14.4
2023/5/10 09:15,48.1,620,89,6,14.7
2023/5/10 09:30,47,635,91,4,11.2
2023/5/10 09:45,47.5,628,89,3,14.7
2023/5/10 10:00,46.5,641,90,4,13.5
2023/5/10 10:15,47.5,628,90,3,14.3
2023/5/10 10:30,48.1,620,91,3,15.6
2023/5/10 10:45,47.4,630,93,2,9.2
2023/5/10 11:00,38.6,774,83,1,13.2
2023/5/10 11:15,37.2,802,86,3,10.9
2023/5/10 11:30,44.6,670,91,1,10.5
2023/5/11 08:00,34.7,860,91,1,11.6
2023/5/11 08:15,37.7,791,89,1,11.1
2023/5/11 08:30,38.4,777,90,2,13.3
2023/5/11 08:45,44.9,665,96,1,11.6
2023/5/11 09:00,49.2,607,92,3,11.7
2023/5/11 09:15,46.5,642,87,3,12.3
2023/5/11 09:30,40.9,730,88,3,14.6
2023/5/11 09:45,44.7,667,89,2,14.2
2023/5/11 10:00,46.5,642,91,2,11.9
2023/5/11 10:15,49.1,608,90,2,13.3
2023/5/11 10:30,46.8,638,92,6,12.2
2023/5/11 10:45,47.2,632,91,2,12.3
2023/5/11 11:00,39.3,760,93,2,15.6
2023/5/11 11:15,43.3,689,90,2,12.4
2023/5/11 11:30,43.4,687,85,2,12.4
2023/5/12 08:00,48.8,612,90,2,13.4
2023/5/12 08:15,47.6,627,86,4,10.2
2023/5/12 08:30,46.5,641,90,1,13.3
2023/5/12 08:45,46.8,638,94,3,15
2023/5/12 09:00,50.5,591,86,2,13.4
2023/5/12 09:15,48.3,618,88,1,12.6
2023/5/12 09:30,47.2,633,88,3,13.1
2023/5/12 09:45,45.8,651,89,2,10.7
2023/5/12 10:00,43.2,691,92,6,12
2023/5/12 10:15,46.1,647,91,2,12.1
2023/5/12 10:30,45.9,651,89,4,12
2023/5/12 10:45,37.1,805,85,2,12.1
2023/5/12 11:00,43.8,681,89,3,12.4
2023/5/12 11:15,40.2,741,86,1,10.2
2023/5/12 11:30,37.1,805,89,3,16.1
2023/5/13 08:00,53.8,554,76,4,11.6
2023/5/13 08:15,53.8,555,75,3,13
2023/5/13 08:30,52.8,565,74,2,12.7
2023/5/13 08:45,48.8,612,83,4,9.5
2023/5/13 09:00,50.3,593,91,1,15.1
2023/5/13 09:15,41,727,88,1,11.2
2023/5/13 09:30,42.9,696,91,2,12.5
2023/5/13 09:45,41.6,716,90,3,10.1
2023/5/13 10:00,37.1,803,88,2,13.4
2023/5/13 10:15,33.6,888,86,1,13.7
2023/5/13 10:30,30,994,90,1,11.9
2023/5/13 10:45,24.9,1196,88,4,9.7
2023/5/13 11:00,21.5,1388,90,6,9
2023/5/13 11:15,21.4,1395,87,1,12
2023/5/13 11:30,19.2,1557,83,6,10.3
2023/5/14 08:00,58.1,514,62,3,17.2
2023/5/14 08:15,56.6,527,53,2,13.2
2023/5/14 08:30,53.1,562,62,2,12.6
2023/5/14 08:45,50.7,588,77,2,14.8
2023/5/14 09:00,52.3,571,76,1,10.1
2023/5/14 09:15,49.5,603,84,4,12.3
2023/5/14 09:30,46,649,78,6,11.9
2023/5/14 09:45,45.2,660,79,2,14.2
2023/5/14 10:00,49.6,601,87,2,11.7
2023/5/14 10:15,49.3,606,81,4,10.4
2023/5/14 10:30,44.2,676,85,2,12.5
2023/5/14 10:45,42.9,695,92,3,11.9
2023/5/14 11:00,41.6,716,93,6,14.4
2023/5/14 11:15,32.2,926,87,3,10.5
2023/5/14 11:30,33.9,881,90,3,14.5
2023/5/15 08:00,49.5,603,90,3,11
2023/5/15 08:15,49.1,608,90,1,12.2
2023/5/15 08:30,50.6,590,91,3,13.9
2023/5/15 08:45,41.1,726,88,2,13.6
2023/5/15 09:00,50.2,594,86,2,14.3
2023/5/15 09:15,46.1,648,82,2,11.7
2023/5/15 09:30,48.7,613,83,3,13.5
2023/5/15 09:45,52,574,87,1,12.9
2023/5/15 10:00,48.9,611,83,4,9.7
2023/5/15 10:15,45.7,652,75,3,13.2
2023/5/15 10:30,48.8,611,84,1,14
2023/5/15 10:45,50.5,591,80,2,13.1
2023/5/15 11:00,41.6,717,81,3,11.6
2023/5/15 11:15,49.1,607,82,3,12.1
2023/5/15 11:30,51.2,583,84,3,11.3
2023/5/16 08:00,43.7,682,89,2,10.9
2023/5/16 08:15,44.5,670,86,2,13
2023/5/16 08:30,44.8,666,89,3,12.7
2023/5/16 08:45,47.6,627,88,1,12.5
2023/5/16 09:00,46.1,647,87,3,14
2023/5/16 09:15,52,574,86,2,11
2023/5/16 09:30,52.5,568,88,2,13.1
2023/5/16 09:45,51.1,583,88,3,13.1
2023/5/16 10:00,47.8,624,85,1,13.7
2023/5/16 10:15,48.3,618,89,3,12.6
2023/5/16 10:30,49.9,598,86,1,10
2023/5/16 10:45,50.5,591,86,1,12.2
2023/5/16 11:00,44,678,77,2,14.4
2023/5/16 11:15,48.4,617,83,3,12.9
2023/5/16 11:30,47.9,624,83,3,12.4
2023/5/17 08:00,46.9,636,91,1,15.1
2023/5/17 08:15,38.2,780,88,6,15.8
2023/5/17 08:30,46.2,646,90,2,12.6
2023/5/17 08:45,49.5,603,91,1,11.6
2023/5/17 09:00,52.1,573,90,3,11.3
2023/5/17 09:15,50.3,594,91,3,10.2
2023/5/17 09:30,48.6,614,89,1,13
2023/5/17 09:45,52.3,570,86,4,12.4
2023/5/17 10:00,50.3,593,84,2,10.2
2023/5/17 10:15,49.4,604,79,2,16.1
2023/5/17 10:30,42.2,707,79,1,10.8
2023/5/17 10:45,51.2,583,84,2,14.4
2023/5/17 11:00,45.2,660,82,3,13.5
2023/5/17 11:15,49.1,608,82,2,14.3
2023/5/17 11:30,49.2,607,82,2,12.2
2023/5/19 08:00,55.5,538,81,1,11.1
2023/5/19 08:15,53.5,558,77,2,12.5
2023/5/19 08:30,53.9,554,76,4,12.3
2023/5/19 08:45,52.6,568,79,3,11.6
2023/5/19 09:00,53.7,555,81,3,10.2
2023/5/19 09:15,52.2,571,85,3,10.7
2023/5/19 09:30,52.5,569,85,3,11.3
2023/5/19 09:45,52.6,567,86,2,11.8
2023/5/19 10:00,53.2,561,85,2,11.8
2023/5/19 10:15,51.1,584,86,2,10.3
2023/5/19 10:30,48.5,615,87,2,13.6
2023/5/19 10:45,50.1,596,81,3,15.3
2023/5/19 11:00,47.6,627,84,2,10.4
2023/5/19 11:15,50.8,588,87,6,11.5
2023/5/19 11:30,51,585,92,6,13.7
2023/5/20 08:00,60,497,47,3,13.3
2023/5/20 08:15,55.6,536,53,3,14.4
2023/5/20 08:30,56.3,530,64,6,12.8
2023/5/20 08:45,58,514,68,4,12.8
2023/5/20 09:00,55.6,536,70,1,12.1
2023/5/20 09:15,55.9,534,75,2,12.2
2023/5/20 09:30,55.4,538,80,3,11.3
2023/5/20 09:45,55.2,540,81,2,12.1
2023/5/20 10:00,54.1,552,85,3,9.7
2023/5/20 10:15,53.6,557,88,6,12.5
2023/5/20 10:30,52.2,572,83,4,11.6
2023/5/20 10:45,53,563,85,2,11.3
2023/5/20 11:00,51.5,579,87,2,14.4
2023/5/20 11:15,46.8,637,82,4,12.6
2023/5/20 11:30,50.9,586,86,3,13.3
2023/5/21 08:00,59.3,503,42,2,13.9
2023/5/21 08:15,63.4,471,54,3,12.7
2023/5/21 08:30,63.6,469,52,3,14
2023/5/21 08:45,61.9,482,48,2,12.7
2023/5/21 09:00,60.5,493,58,2,13.8
2023/5/21 09:15,56.7,526,65,2,12.7
2023/5/21 09:30,58,514,53,2,15.4
2023/5/21 09:45,56.1,532,62,2,13.9
2023/5/21 10:00,55.1,541,70,2,13.3
2023/5/21 10:15,55.1,541,69,3,14.1
2023/5/21 10:30,53.8,554,77,2,11.3
2023/5/21 10:45,54.8,545,71,2,11.7
2023/5/21 11:00,53.8,555,67,2,12.3
2023/5/21 11:15,55.4,538,82,2,10.2
2023/5/21 11:30,54.2,550,78,2,12.5
2023/5/22 08:00,46.2,646,89,2,13.3
2023/5/22 08:15,48.8,612,85,1,14.9
2023/5/22 08:30,49.1,607,93,6,13.3
2023/5/22 08:45,50.9,587,88,3,11.4
2023/5/22 09:00,51.5,579,90,4,10.6
2023/5/22 09:15,51.8,577,81,3,10.4
2023/5/22 09:30,51.7,577,82,2,15.1
2023/5/22 09:45,51.3,581,83,3,14.1
2023/5/22 10:00,50.5,590,87,2,11.3
2023/5/22 10:15,50.6,589,80,3,14.9
2023/5/22 10:30,45.2,660,81,3,10.5
2023/5/22 10:45,46.7,639,79,3,13.7
2023/5/22 11:00,47.2,632,84,4,13.6
2023/5/22 11:15,47.7,626,84,4,14.8
2023/5/22 11:30,40.2,741,84,1,14.8
2023/5/23 08:00,45.1,662,92,3,12
2023/5/23 08:15,46.2,646,91,2,13.8
2023/5/23 08:30,38.3,779,90,3,13.8
2023/5/23 08:45,42.8,697,92,1,13.5
2023/5/23 09:00,50.1,596,86,2,9.8
2023/5/23 09:15,51.2,583,86,2,12.4
2023/5/23 09:30,51,585,85,4,11
2023/5/23 09:45,49.2,606,87,1,12.5
2023/5/23 10:00,48.4,617,88,3,10.9
2023/5/23 10:15,48.4,616,85,1,14
2023/5/23 10:30,48.8,611,82,1,14.1
2023/5/23 10:45,50.9,586,79,3,11.5
2023/5/23 11:00,49.1,608,84,4,13.4
2023/5/23 11:15,41.5,719,87,4,12
2023/5/23 11:30,47.7,625,83,2,12
2024/3/23 08:00,54,436,76,3,14.8
2024/3/23 08:15,55,429,78,3,12.2
2024/3/23 08:30,55.2,427,81,3,14.2
2024/3/23 08:45,52.9,446,85,4,12.2
2024/3/23 09:00,50.3,469,87,2,10.9
2024/3/23 09:15,49.2,479,88,6,13.1
2024/3/23 09:30,48.4,487,90,4,13.3
2024/3/23 09:45,46.7,505,90,3,11.5
2024/3/23 10:00,45.2,521,91,1,12.2
2024/3/23 10:15,46.3,509,89,1,14.1
2024/3/23 10:30,43,548,92,3,11.1
2024/3/23 10:45,39.8,592,94,2,13.6
2024/3/23 11:00,41.1,573,94,2,11.4
2024/3/23 11:15,38.9,607,90,3,12.3
2024/3/23 11:30,40.8,577,89,1,11.2
2024/3/24 08:00,58.2,405,60,2,12.7
2024/3/24 08:15,57.3,411,62,3,10.9
2024/3/24 08:30,58.3,404,58,3,14.8
2024/3/24 08:45,55.5,425,65,4,12.1
2024/3/24 09:00,53.1,444,63,2,13.8
2024/3/24 09:15,54.9,429,65,3,12.3
2024/3/24 09:30,51.4,458,77,3,11.9
2024/3/24 09:45,51.3,459,87,2,11.2
2024/3/24 10:00,50.6,466,83,1,13.1
2024/3/24 10:15,48.9,482,92,1,10.7
2024/3/24 10:30,49.4,477,87,2,13.5
2024/3/24 10:45,49.6,475,88,2,10.2
2024/3/24 11:00,48.2,489,87,2,9.9
2024/3/24 11:15,50.2,470,86,6,12.8
2024/3/24 11:30,48.1,490,82,3,12.1
2024/3/25 08:00,51.1,462,96,6,11.9
2024/3/25 08:15,49.4,477,91,3,14.2
2024/3/25 08:30,44.4,531,91,1,15.2
2024/3/25 08:45,50,471,94,3,13.2
2024/3/25 09:00,48.7,484,91,3,13.7
2024/3/25 09:15,48.9,482,93,3,12.8
2024/3/25 09:30,48.8,483,95,3,15
2024/3/25 09:45,46.1,511,92,3,13
2024/3/25 10:00,39.5,596,93,4,10.8
2024/3/25 10:15,31.8,740,89,6,14.6
2024/3/25 10:30,28.1,840,89,2,15.2
2024/3/25 10:45,23.7,996,91,2,14.8
2024/3/25 11:00,18.6,1265,90,2,12.7
2024/3/25 11:15,20.6,1144,90,2,13.1
2024/3/25 11:30,21.8,1082,94,2,12.4
2024/3/26 08:00,29.1,810,95,3,13.8
2024/3/26 08:15,25.4,929,92,1,10.8
2024/3/26 08:30,23.7,994,91,2,12.3
2024/3/26 08:45,23.7,995,89,3,11.6
2024/3/26 09:00,20.9,1128,92,4,13.8
2024/3/26 09:15,24.2,975,93,3,12.5
2024/3/26 09:30,29.2,807,95,1,12
2024/3/26 09:45,36,655,95,3,13
2024/3/26 10:00,34.2,689,93,6,16.2
2024/3/26 10:15,23.5,1004,92,3,13.2
2024/3/26 10:30,20.5,1148,90,2,12.6
2024/3/26 10:45,21.6,1092,86,2,10.1
2024/3/26 11:00,20.4,1156,90,3,13.4
2024/3/26 11:15,17.8,1324,88,3,11.3
2024/3/26 11:30,18.2,1294,84,1,12.7
2024/3/27 08:00,49.3,478,95,3,10.6
2024/3/27 08:15,49.3,478,95,1,8.2
2024/3/27 08:30,46.3,508,95,1,11
2024/3/27 08:45,48.1,490,92,2,11.8
2024/3/27 09:00,48.3,488,93,6,11.5
2024/3/27 09:15,46.5,507,91,3,12.9
2024/3/27 09:30,47.1,500,92,4,11.7
2024/3/27 09:45,45.9,513,93,3,9.4
2024/3/27 10:00,43.7,539,91,1,13
2024/3/27 10:15,42.9,550,94,1,12.5
2024/3/27 10:30,35.6,661,95,4,14.3
2024/3/27 10:45,26.3,897,92,2,12.2
2024/3/27 11:00,24.3,968,90,3,15.1
2024/3/27 11:15,29.7,794,90,3,13.7
2024/3/27 11:30,32.3,729,91,4,13.1
2024/3/28 08:00,47.9,492,96,2,12.9
2024/3/28 08:15,46.9,502,95,6,13.4
2024/3/28 08:30,45.6,517,92,4,13.3
2024/3/28 08:45,48.8,483,93,2,13.2
2024/3/28 09:00,48.7,484,94,3,11
2024/3/28 09:15,44.7,527,94,1,12.3
2024/3/28 09:30,49.4,477,93,1,12.5
2024/3/28 09:45,46.9,502,93,4,14.6
2024/3/28 10:00,44.3,531,91,1,12.1
2024/3/28 10:15,42.2,559,94,2,14.3
2024/3/28 10:30,39.7,593,89,3,12.8
2024/3/28 10:45,39.7,594,92,1,14.4
2024/3/28 11:00,37.8,624,93,2,14.8
2024/3/28 11:15,33.4,706,89,2,10.6
2024/3/28 11:30,39.5,597,93,3,14.2
2024/3/30 08:00,54.9,429,74,2,9.4
2024/3/30 08:15,54.7,431,70,4,12.6
2024/3/30 08:30,49.6,475,80,3,13.6
2024/3/30 08:45,48.8,483,88,2,11.7
2024/3/30 09:00,44.4,531,91,1,14.8
2024/3/30 09:15,45.4,519,89,1,13.6
2024/3/30 09:30,34.2,689,89,6,11.7
2024/3/30 09:45,31.7,743,87,1,11.2
2024/3/30 10:00,30.5,772,92,3,11.9
2024/3/30 10:15,26.2,900,91,2,12
2024/3/30 10:30,26.3,897,89,1,15.7
2024/3/30 10:45,19.1,1232,87,2,13.5
2024/3/30 11:00,19.7,1198,88,3,14.4
2024/3/30 11:15,25.6,920,88,4,14.2
2024/3/30 11:30,24.6,957,84,6,11.2
2024/4/2 08:00,47.7,494,95,3,14.7
2024/4/2 08:15,46.1,511,94,3,13.5
2024/4/2 08:30,45.2,521,95,2,13.4
2024/4/2 08:45,39.4,598,94,3,13.1
2024/4/2 09:00,45.4,519,95,3,10.9
2024/4/2 09:15,47.2,499,95,2,12.7
2024/4/2 09:30,48.8,483,91,2,14.7
2024/4/2 09:45,45.5,517,94,2,12.9
2024/4/2 10:00,41.6,566,93,3,13.1
2024/4/2 10:15,33.1,712,93,3,10.4
2024/4/2 10:30,24.7,955,89,3,12.5
2024/4/2 10:45,20.6,1146,90,1,10.9
2024/4/2 11:00,20.1,1175,89,2,13.7
2024/4/2 11:15,19.2,1228,89,2,14.7
2024/4/2 11:30,19.5,1211,91,2,11.4
2024/4/3 08:00,47.2,499,95,2,11.5
2024/4/3 08:15,48.6,485,95,2,12.3
2024/4/3 08:30,48.1,490,94,1,13.8
2024/4/3 08:45,47.4,497,94,3,13.6
2024/4/3 09:00,48.7,484,95,1,12.5
2024/4/3 09:15,46.9,503,94,1,16.1
2024/4/3 09:30,48.4,487,91,4,13.9
2024/4/3 09:45,45.7,515,95,1,11.7
2024/4/3 10:00,45.1,522,93,6,15.5
2024/4/3 10:15,32.9,716,90,4,12.3
2024/4/3 10:30,30.9,763,92,3,13.7
2024/4/3 10:45,30.9,764,90,3,13.5
2024/4/3 11:00,26.7,881,89,2,10.9
2024/4/3 11:15,32.4,726,91,6,11.9
2024/4/3 11:30,37.4,630,92,2,10.5
2024/4/4 08:00,43.4,543,95,1,12.2
2024/4/4 08:15,43.3,544,94,1,14.8
2024/4/4 08:30,43.4,543,93,3,12.1
2024/4/4 08:45,40,589,96,2,14.1
2024/4/4 09:00,34.7,679,89,2,11.6
2024/4/4 09:15,32.2,733,93,1,11.7
2024/4/4 09:30,43.6,541,93,3,11.8
2024/4/4 09:45,47.7,494,94,1,11.3
2024/4/4 10:00,44.3,532,94,4,12.4
2024/4/4 10:15,43.1,547,93,2,13.1
2024/4/4 10:30,43.3,544,94,4,10.3
2024/4/4 10:45,35,674,92,3,11.6
2024/4/4 11:00,32.5,725,93,2,10.1
2024/4/4 11:15,36.2,651,92,4,12.3
2024/4/4 11:30,34.4,685,93,6,12.1
2024/4/5 08:00,45.4,519,95,2,14.6
2024/4/5 08:15,48.2,489,92,3,9.9
2024/4/5 08:30,47,501,95,2,12.2
2024/4/5 08:45,42.3,558,96,3,12.1
2024/4/5 09:00,30.5,772,90,1,14.9
2024/4/5 09:15,40.3,585,96,3,12.6
2024/4/5 09:30,44.2,533,91,3,12.2
2024/4/5 09:45,38.2,617,93,3,14.3
2024/4/5 10:00,21.5,1096,92,3,13.6
2024/4/5 10:15,24.3,969,93,3,13.3
2024/4/5 10:30,24.8,949,93,4,13.5
2024/4/5 10:45,20,1179,92,4,14.7
2024/4/5 11:00,26.5,889,91,2,12.4
2024/4/5 11:15,24.2,975,89,2,14.5
2024/4/5 11:30,23.8,990,87,2,12.8
2024/4/6 08:00,51.8,455,83,2,11.6
2024/4/6 08:15,46.1,511,86,2,11.8
2024/4/6 08:30,41.3,570,89,3,11.2
2024/4/6 08:45,35.8,659,93,3,12.2
2024/4/6 09:00,30.8,765,91,1,13.1
2024/4/6 09:15,21.7,1086,88,4,12.9
2024/4/6 09:30,18.3,1291,91,6,11.9
2024/4/6 09:45,12.9,1829,86,3,9.9
2024/4/6 10:00,11.9,1987,83,1,14.8
2024/4/6 10:15,13.6,1728,86,1,13.3
2024/4/6 10:30,16.1,1463,84,2,15.7
2024/4/6 10:45,13.8,1706,90,4,13.2
2024/4/6 11:00,11.6,2026,87,2,13.6
2024/4/6 11:15,10.7,2204,87,2,12.2
2024/4/6 11:30,9.6,2458,83,2,12.8
2024/4/7 08:00,56.2,419,76,3,13.5
2024/4/7 08:15,55.4,425,73,3,10.2
2024/4/7 08:30,50.9,463,81,2,11.7
2024/4/7 08:45,49,481,81,3,10
2024/4/7 09:00,49.6,475,86,1,12.5
2024/4/7 09:15,45.6,517,91,2,14.5
2024/4/7 09:30,40.5,582,88,3,13.1
2024/4/7 09:45,36.6,645,88,3,8.7
2024/4/7 10:00,30.7,769,90,3,13
2024/4/7 10:15,22.2,1060,89,1,12.6
2024/4/7 10:30,16.9,1394,88,6,13.1
2024/4/7 10:45,17,1383,90,1,11.9
2024/4/7 11:00,16.7,1415,88,2,10.9
2024/4/7 11:15,15.4,1531,85,1,14
2024/4/7 11:30,15.7,1499,83,2,10
2024/4/8 08:00,40.8,577,94,2,13.6
2024/4/8 08:15,30.1,783,94,2,14.4
2024/4/8 08:30,30,786,95,2,12.3
2024/4/8 08:45,40.9,576,97,3,13.4
2024/4/8 09:00,45.4,519,95,3,16
2024/4/8 09:15,35.9,657,91,3,11
2024/4/8 09:30,28.9,815,93,6,12.1
2024/4/8 09:45,31.2,756,93,2,12.5
2024/4/8 10:00,31,761,93,1,12.7
2024/4/8 10:15,25.6,919,92,4,12.4
2024/4/8 10:30,22.1,1064,92,3,14.3
2024/4/8 10:45,20.2,1166,86,3,12.1
2024/4/8 11:00,17.6,1338,82,3,12.4
2024/4/8 11:15,15.3,1543,80,3,11
2024/4/8 11:30,17.2,1368,90,3,11.1
2024/4/9 08:00,47.9,493,95,3,12.6
2024/4/9 08:15,46.4,508,95,3,15.3
2024/4/9 08:30,46.5,506,96,3,9.7
2024/4/9 08:45,48.6,485,94,2,12.6
2024/4/9 09:00,49.5,476,93,2,11.9
2024/4/9 09:15,46.4,508,96,4,12.4
2024/4/9 09:30,42.8,550,95,1,14.4
2024/4/9 09:45,44.7,527,94,2,10.8
2024/4/9 10:00,41,575,94,3,11.7
2024/4/9 10:15,36.9,638,91,4,15.1
2024/4/9 10:30,33.6,702,93,1,13.7
2024/4/9 10:45,26.2,898,93,3,15.3
2024/4/9 11:00,22.5,1045,87,2,13
2024/4/9 11:15,40.1,587,92,2,13.5
2024/4/9 11:30,47.8,493,93,3,12.6
2024/4/10 08:00,48.6,485,96,3,8.7
2024/4/10 08:15,47.2,500,95,1,11.6
2024/4/10 08:30,45.5,518,94,4,12.9
2024/4/10 08:45,42.4,555,96,2,13.8
2024/4/10 09:00,40.3,585,96,2,14.5
2024/4/10 09:15,41.5,568,90,2,12.1
2024/4/10 09:30,34.9,674,94,2,10.5
2024/4/10 09:45,26,905,92,1,15.2
2024/4/10 10:00,21.4,1103,90,1,10.9
2024/4/10 10:15,16.9,1392,89,3,11.7
2024/4/10 10:30,18.2,1291,89,6,11.7
2024/4/10 10:45,15.7,1505,88,2,11.4
2024/4/10 11:00,12.6,1863,86,4,11.9
2024/4/10 11:15,11,2139,84,2,12.3
2024/4/10 11:30,9.6,2453,83,2,11.9
2024/4/11 08:00,37.3,632,95,3,12.2
2024/4/11 08:15,40.5,582,95,2,12.7
2024/4/11 08:30,40.4,583,94,3,11.6
2024/4/11 08:45,45.2,521,94,3,12
2024/4/11 09:00,46.7,504,92,1,11.9
2024/4/11 09:15,47.3,498,92,4,11.7
2024/4/11 09:30,43,549,95,1,9.8
2024/4/11 09:45,35.5,663,93,1,11.4
2024/4/11 10:00,36.8,641,93,2,11.8
2024/4/11 10:15,37.3,633,90,2,11.5
2024/4/11 10:30,30.2,781,91,3,9.9
2024/4/11 10:45,26.1,903,92,3,11.6
2024/4/11 11:00,28.9,815,92,2,8.8
2024/4/11 11:15,31.3,753,88,2,14.8
2024/4/11 11:30,35.2,670,89,4,10.6
2024/4/12 08:00,26.3,897,94,2,13.8
2024/4/12 08:15,35.5,663,95,3,15.3
2024/4/12 08:30,37.4,630,95,2,11.1
2024/4/12 08:45,34.1,691,97,1,13.2
2024/4/12 09:00,30.8,764,95,2,13.7
2024/4/12 09:15,32.4,728,94,2,11.4
2024/4/12 09:30,25.5,924,92,2,12.4
2024/4/12 09:45,23.5,1005,93,4,10.2
2024/4/12 10:00,26.2,899,95,2,12.1
2024/4/12 10:15,24.3,968,91,1,12
2024/4/12 10:30,17.1,1381,88,1,15.3
2024/4/12 10:45,12.4,1903,85,4,14.5
2024/4/12 11:00,15.2,1549,89,2,13.5
2024/4/12 11:15,15.7,1504,92,2,13.1
2024/4/12 11:30,15.6,1514,92,1,13.7
2024/4/13 08:00,48.4,487,85,2,9.5
2024/4/13 08:15,50.3,468,86,2,13.1
2024/4/13 08:30,46.4,508,87,2,12.5
2024/4/13 08:45,47.5,497,93,2,14.1
2024/4/13 09:00,36.6,643,93,3,13.3
2024/4/13 09:15,23.5,1001,89,2,12
2024/4/13 09:30,24.1,979,91,2,12.1
2024/4/13 09:45,20.6,1142,88,3,11.6
2024/4/13 10:00,16.1,1460,85,2,10.7
2024/4/13 10:15,21.1,1119,91,3,10.7
2024/4/13 10:30,23.4,1006,94,2,14.4
2024/4/13 10:45,14.9,1583,89,3,12.3
2024/4/13 11:00,13.2,1779,84,1,13.6
2024/4/13 11:15,17.1,1375,82,1,12.4
2024/4/13 11:30,14.4,1636,81,2,11
2024/4/14 08:00,51.9,454,87,3,13.2
2024/4/14 08:15,49.3,478,81,1,12.7
2024/4/14 08:30,47,501,85,2,10.4
2024/4/14 08:45,43.3,545,89,1,10.8
2024/4/14 09:00,34.2,688,85,4,11.1
2024/4/14 09:15,27.1,870,85,1,14.9
2024/4/14 09:30,22.5,1049,85,2,12.6
2024/4/14 09:45,18.7,1264,84,2,14
2024/4/14 10:00,25.3,931,86,2,13
2024/4/14 10:15,19.5,1208,85,2,10.8
2024/4/14 10:30,17.9,1318,88,3,15.3
2024/4/14 10:45,16.6,1417,86,3,12.4
2024/4/14 11:00,16.9,1392,81,1,13.8
2024/4/14 11:15,15.4,1525,80,3,11.3
2024/4/14 11:30,14.2,1665,85,2,10
2024/4/15 08:00,33.7,699,96,2,11.8
2024/4/15 08:15,31.2,755,94,4,13.5
2024/4/15 08:30,34.3,687,94,6,10.2
2024/4/15 08:45,42,561,94,2,14.5
2024/4/15 09:00,45.7,516,95,1,14.1
2024/4/15 09:15,43.6,541,94,2,12.9
2024/4/15 09:30,31,761,90,4,11.9
2024/4/15 09:45,26.1,903,93,2,12
2024/4/15 10:00,27.6,853,94,3,13.2
2024/4/15 10:15,27.9,844,91,2,14.7
2024/4/15 10:30,40.3,584,89,6,12.6
2024/4/15 10:45,38,621,91,1,12
2024/4/15 11:00,36.1,653,90,1,13.7
2024/4/15 11:15,37.8,624,87,3,13
2024/4/15 11:30,39.4,598,92,3,9.8
2024/4/16 08:00,44.7,527,96,3,11.8
2024/4/16 08:15,37.7,625,94,3,12.9
2024/4/16 08:30,29.9,788,93,3,10.7
2024/4/16 08:45,25.2,934,92,1,15
2024/4/16 09:00,29.5,800,91,2,12.2
2024/4/16 09:15,44.5,530,96,2,11
2024/4/16 09:30,43,548,95,3,13.1
2024/4/16 09:45,40.6,581,95,2,13
2024/4/16 10:00,34.7,680,94,2,13.7
2024/4/16 10:15,31.5,749,93,1,13.5
2024/4/16 10:30,28.9,816,93,1,11.6
2024/4/16 10:45,31.6,745,89,3,12.5
2024/4/16 11:00,37,638,88,6,13.1
2024/4/16 11:15,38.9,605,89,2,14.3
2024/4/16 11:30,38.3,615,94,1,11.5
2024/4/17 08:00,47.1,500,96,2,9.5
2024/4/17 08:15,43.8,538,95,3,14.6
2024/4/17 08:30,34.5,682,96,2,11.6
2024/4/17 08:45,28.2,837,94,1,10.7
2024/4/17 09:00,26.9,875,94,2,12.9
2024/4/17 09:15,23.1,1019,94,1,13.8
2024/4/17 09:30,21.8,1082,95,3,12.7
2024/4/17 09:45,22.3,1059,94,2,14.6
2024/4/17 10:00,26.4,892,92,1,12.9
2024/4/17 10:15,24.7,953,85,3,14.3
2024/4/17 10:30,20.8,1133,90,4,11.9
2024/4/17 10:45,18.9,1245,90,1,14.2
2024/4/17 11:00,20.5,1149,88,3,12.5
2024/4/17 11:15,18.9,1250,86,1,14.8
2024/4/17 11:30,23.3,1009,89,2,12.9
2024/4/18 08:00,31,759,88,3,13.9
2024/4/18 08:15,27.1,871,92,2,13.3
2024/4/18 08:30,32.4,726,94,6,10.3
2024/4/18 08:45,23.8,992,93,2,15.3
2024/4/18 09:00,21.3,1104,95,2,9
2024/4/18 09:15,25,941,95,2,12.2
2024/4/18 09:30,31.3,754,93,3,11.3
2024/4/18 09:45,29.2,806,95,2,14.1
2024/4/18 10:00,23.3,1012,91,3,11.3
2024/4/18 10:15,21.6,1090,89,4,9.7
2024/4/18 10:30,20.9,1129,88,1,12.1
2024/4/18 10:45,18.6,1266,91,3,14.7
2024/4/18 11:00,16.3,1443,88,6,14.9
2024/4/18 11:15,14.8,1595,89,6,13.3
2024/4/18 11:30,14.5,1628,90,1,12.1
2024/4/19 08:00,42,561,90,3,13.6
2024/4/19 08:15,39.4,598,95,3,12.7
2024/4/19 08:30,38.8,607,95,2,13.2
2024/4/19 08:45,27.6,854,94,3,14
2024/4/19 09:00,28.9,816,95,6,11.6
2024/4/19 09:15,30,786,96,1,13.1
2024/4/19 09:30,32.9,717,93,2,9.8
2024/4/19 09:45,32.9,717,92,2,11.1
2024/4/19 10:00,31.4,751,90,1,10.4
2024/4/19 10:15,28.8,818,93,1,12.7
2024/4/19 10:30,34.6,682,87,6,11.6
2024/4/19 10:45,31.2,754,92,4,11.1
2024/4/19 11:00,28.2,836,94,3,11.9
2024/4/19 11:15,23.6,998,92,2,12.5
2024/4/19 11:30,20.7,1137,90,3,11.4
2024/4/20 08:00,49.6,475,85,2,15
2024/4/20 08:15,47.5,497,80,3,12.5
2024/4/20 08:30,44.1,534,85,2,12
2024/4/20 08:45,40.5,582,93,4,12.5
2024/4/20 09:00,37.1,635,92,1,10.9
2024/4/20 09:15,29.8,791,89,2,12
2024/4/20 09:30,27,873,89,3,14.4
2024/4/20 09:45,19.7,1199,89,3,12.9
2024/4/20 10:00,19.1,1232,87,4,11.1
2024/4/20 10:15,20.8,1132,91,2,15
2024/4/20 10:30,26.9,876,93,3,11.5
2024/4/20 10:45,28.6,824,93,6,14.7
2024/4/20 11:00,26.6,886,92,2,14.1
2024/4/20 11:15,26.7,884,91,2,12
2024/4/20 11:30,26.3,895,93,3,14.8
2024/4/21 08:00,54,437,74,1,12.7
2024/4/21 08:15,51.4,458,78,3,11.5
2024/4/21 08:30,49.6,475,79,3,12
2024/4/21 08:45,42.8,550,87,2,12.6
2024/4/21 09:00,32.1,734,91,3,14.4
2024/4/21 09:15,27.2,866,90,2,11.1
2024/4/21 09:30,25.7,917,91,2,11
2024/4/21 09:45,18.5,1272,86,2,13.2
2024/4/21 10:00,19.7,1196,86,3,11.3
2024/4/21 10:15,22.4,1051,86,4,11.2
2024/4/21 10:30,20.2,1167,86,2,14.1
2024/4/21 10:45,17.2,1369,90,3,15.2
2024/4/21 11:00,16.4,1435,86,3,14.4
2024/4/21 11:15,17.8,1323,82,4,11.9
2024/4/21 11:30,18.9,1248,87,2,12.4
2024/4/22 08:00,24.8,950,92,4,15.4
2024/4/22 08:15,27.3,865,92,2,13
2024/4/22 08:30,23,1026,95,3,14.5
2024/4/22 08:45,23.3,1011,95,3,12.3
2024/4/22 09:00,16.7,1412,89,2,10.4
2024/4/22 09:15,13.9,1694,83,2,13.3
2024/4/22 09:30,21.2,1112,91,3,8.9
2024/4/22 09:45,18.2,1293,89,4,11.2
2024/4/22 10:00,14.6,1619,86,6,12.6
2024/4/22 10:15,13.8,1703,87,3,11.2
2024/4/22 10:30,14.8,1592,89,4,12.9
2024/4/22 10:45,15.4,1526,89,3,14.8
2024/4/22 11:00,14.7,1603,91,2,14.1
2024/4/22 11:15,12.8,1844,87,2,13.3
2024/4/22 11:30,13.1,1805,85,3,11.6
2024/4/23 08:00,45.5,518,94,3,12.6
2024/4/23 08:15,45.1,522,97,2,12.3
2024/4/23 08:30,32.7,722,93,2,13.2
2024/4/23 08:45,29.6,796,92,3,11.2
2024/4/23 09:00,32.1,735,90,2,12.9
2024/4/23 09:15,36.6,643,94,1,12.8
2024/4/23 09:30,28.4,831,95,2,12.1
2024/4/23 09:45,22.1,1067,93,2,14.8
2024/4/23 10:00,22.2,1062,91,2,11.2
2024/4/23 10:15,23.7,994,89,4,13.7
2024/4/23 10:30,22.5,1049,88,2,13.4
2024/4/23 10:45,23.7,995,88,2,12.6
2024/4/23 11:00,15.8,1496,86,4,11.3
2024/4/23 11:15,12.2,1935,88,2,10.4
2024/4/23 11:30,12.6,1864,85,3,14.2
2024/4/24 08:00,48.2,489,95,1,11.8
2024/4/24 08:15,46.4,508,96,3,10.7
2024/4/24 08:30,47.2,500,93,6,12
2024/4/24 08:45,45,524,94,1,11.7
2024/4/24 09:00,46.7,505,94,2,11.4
2024/4/24 09:15,44.3,532,91,3,14.9
2024/4/24 09:30,42,561,93,1,14
2024/4/24 09:45,33.3,708,91,1,12.5
2024/4/24 10:00,27.2,865,92,2,11.9
2024/4/24 10:15,23.3,1012,88,1,11.8
2024/4/24 10:30,23.7,994,85,1,13.3
2024/4/24 10:45,27.9,844,90,1,11.5
2024/4/24 11:00,25.5,926,92,3,12.4
2024/4/24 11:15,27.2,866,91,3,15.9
2024/4/24 11:30,26.7,882,91,3,12.9
2024/4/25 08:00,49,481,93,1,14.1
2024/4/25 08:15,47.8,493,90,4,13.4
2024/4/25 08:30,44.4,530,93,3,12.9
2024/4/25 08:45,40.8,577,95,4,14.8
2024/4/25 09:00,39.7,593,91,1,13.3
2024/4/25 09:15,42.9,549,94,2,12.4
2024/4/25 09:30,36.5,646,94,3,15.2
2024/4/25 09:45,28.6,824,94,2,15
2024/4/25 10:00,26.7,884,95,2,13.2
2024/4/25 10:15,28.6,825,93,3,13.6
2024/4/25 10:30,31.7,745,91,2,13.6
2024/4/25 10:45,25.6,920,87,3,13.9
2024/4/25 11:00,21.1,1117,90,3,11.9
2024/4/25 11:15,19.7,1195,93,2,13.3
2024/4/25 11:30,19.8,1190,90,2,12.5
2024/4/26 08:00,34.8,677,97,2,12.5
2024/4/26 08:15,46.7,504,95,3,11.4
2024/4/26 08:30,44.1,534,95,2,14.1
2024/4/26 08:45,31.1,758,95,2,11.1
2024/4/26 09:00,24.4,964,94,4,12.1
2024/4/26 09:15,22.2,1060,91,3,11.4
2024/4/26 09:30,25.2,934,93,2,12.6
2024/4/26 09:45,13.7,1716,92,1,10.7
2024/4/26 10:00,15.8,1493,92,6,9.6
2024/4/26 10:15,22.6,1041,91,3,13.8
2024/4/26 10:30,25.7,919,92,2,15.2
2024/4/26 10:45,18.8,1253,94,2,12
2024/4/26 11:00,17.9,1315,93,3,13.4
2024/4/26 11:15,23.7,994,91,4,14.2
2024/4/26 11:30,23.2,1015,92,2,10.5
2024/5/6 08:00,47.5,496,94,1,11.1
2024/5/6 08:15,48.6,485,94,2,11.1
2024/5/6 08:30,50.3,468,94,3,12
2024/5/6 08:45,50.1,471,89,3,11.7
2024/5/6 09:00,49.3,478,87,2,14.1
2024/5/6 09:15,46.6,506,90,3,13.7
2024/5/6 09:30,44.1,535,91,4,11.1
2024/5/6 09:45,35.4,666,93,2,13.8
2024/5/6 10:00,36.5,645,93,1,12.6
2024/5/6 10:15,34.5,684,93,3,11.9
2024/5/6 10:30,40.4,583,91,2,13.2
2024/5/6 10:45,31.7,743,93,2,11.8
2024/5/6 11:00,29.9,787,93,2,10.3
2024/5/6 11:15,32.6,722,90,3,6.5
2024/5/6 11:30,44.5,529,89,4,12.3
2024/5/7 08:00,46.5,507,95,3,12.6
2024/5/7 08:15,53.3,442,93,1,13.6
2024/5/7 08:30,50.7,465,93,3,12.2
2024/5/7 08:45,48.3,488,93,3,14
2024/5/7 09:00,49,481,90,2,11
2024/5/7 09:15,44.9,525,88,4,13.1
2024/5/7 09:30,46.3,509,91,1,10.2
2024/5/7 09:45,46.2,511,93,6,11.5
2024/5/7 10:00,44,536,94,2,11.9
2024/5/7 10:15,35.5,663,91,2,13.4
2024/5/7 10:30,28.2,837,91,2,12.6
2024/5/7 10:45,28.5,828,92,6,12
2024/5/7 11:00,28.4,831,93,1,12.3
2024/5/7 11:15,38.9,607,93,2,11.3
2024/5/7 11:30,39.6,596,95,3,11.7
2024/5/8 08:00,42.4,555,89,3,12.3
2024/5/8 08:15,47.4,497,93,2,13.2
2024/5/8 08:30,48.4,487,93,2,11
2024/5/8 08:45,49.7,474,95,6,11.6
2024/5/8 09:00,49,481,93,2,11.8
2024/5/8 09:15,48,491,92,4,12.1
2024/5/8 09:30,46.5,507,92,2,13.7
2024/5/8 09:45,45.3,521,94,3,10.4
2024/5/8 10:00,42.7,553,93,2,11.8
2024/5/8 10:15,44.2,534,90,2,11.7
2024/5/8 10:30,35.3,667,92,3,12.4
2024/5/8 10:45,34.2,689,92,2,9.4
2024/5/8 11:00,38.8,607,90,1,14.3
2024/5/8 11:15,30.1,783,94,3,13.9
2024/5/8 11:30,32.1,735,94,2,12.4
2024/5/10 08:00,54.3,434,83,4,12.9
2024/5/10 08:15,53.6,440,85,1,12
2024/5/10 08:30,50.5,467,89,2,11.6
2024/5/10 08:45,44.3,533,88,1,14.7
2024/5/10 09:00,26.7,882,89,1,12.3
2024/5/10 09:15,27.8,848,92,2,11.5
2024/5/10 09:30,32.2,732,92,3,11.2
2024/5/10 09:45,23.4,1007,88,3,12.6
2024/5/10 10:00,23.6,997,90,3,11.7
2024/5/10 10:15,28.9,814,84,4,14.1
2024/5/10 10:30,32.8,718,87,2,12.4
2024/5/10 10:45,27.6,854,87,4,13.1
2024/5/10 11:00,20,1177,89,2,13.4
2024/5/10 11:15,21.5,1095,90,3,16.6
2024/5/10 11:30,24.2,976,89,3,15.6
2024/5/11 08:00,56.1,420,67,1,12.1
2024/5/11 08:15,54.6,432,70,1,14.5
2024/5/11 08:30,54.8,430,66,3,11.8
2024/5/11 08:45,51.5,457,78,3,15.1
2024/5/11 09:00,48.6,485,86,3,10
2024/5/11 09:15,41.4,569,82,1,9.9
2024/5/11 09:30,41.2,572,91,3,12.7
2024/5/11 09:45,43.5,542,93,3,11.2
2024/5/11 10:00,44.2,533,93,2,10.7
2024/5/11 10:15,42.8,550,91,3,12.5
2024/5/11 10:30,30.3,778,90,2,14.8
2024/5/11 10:45,21.7,1085,93,3,8.8
2024/5/11 11:00,24,984,92,2,16.4
2024/5/11 11:15,26.9,877,91,2,13.2
2024/5/11 11:30,24.4,965,91,3,13.9
2024/5/12 08:00,60.1,392,48,3,12.2
2024/5/12 08:15,57.4,410,51,2,10.7
2024/5/12 08:30,55.5,424,67,2,14.5
2024/5/12 08:45,56,421,56,2,12.3
2024/5/12 09:00,52.6,448,78,2,13.8
2024/5/12 09:15,51,462,83,2,11.9
2024/5/12 09:30,51.7,456,83,3,11.6
2024/5/12 09:45,48.8,483,87,1,12.7
2024/5/12 10:00,46.2,510,88,3,13
2024/5/12 10:15,38.6,610,84,4,13.2
2024/5/12 10:30,38.3,615,92,2,11.1
2024/5/12 10:45,42.3,558,90,2,10.8
2024/5/12 11:00,35.8,658,89,2,10.1
2024/5/12 11:15,31.4,750,91,3,14
2024/5/12 11:30,30.6,771,92,4,12.5
2024/5/13 08:00,50.6,466,89,3,14.1
2024/5/13 08:15,48.8,483,89,2,12.4
2024/5/13 08:30,48.8,483,87,2,12.1
2024/5/13 08:45,52.5,449,91,1,12.2
2024/5/13 09:00,48,491,89,3,13.9
2024/5/13 09:15,51.9,454,91,3,13.3
2024/5/13 09:30,53.5,441,88,6,11.6
2024/5/13 09:45,52.3,450,87,2,11.3
2024/5/13 10:00,54.5,432,80,2,11.5
2024/5/13 10:15,51.1,461,83,1,11.5
2024/5/13 10:30,52.4,450,80,1,13.9
2024/5/13 10:45,51.1,462,84,1,10.2
2024/5/13 11:00,52.2,451,82,3,14.7
2024/5/13 11:15,51.1,461,80,6,14.4
2024/5/13 11:30,52.2,452,87,3,14.3
2024/5/14 08:00,47.8,493,93,3,14.2
2024/5/14 08:15,49.9,472,92,2,12.9
2024/5/14 08:30,44,536,92,3,14.1
2024/5/14 08:45,44.6,528,92,1,13.8
2024/5/14 09:00,51.6,457,92,2,13.3
2024/5/14 09:15,49.8,473,93,4,11.9
2024/5/14 09:30,51.1,462,95,3,12
2024/5/14 09:45,50.5,467,91,2,14.4
2024/5/14 10:00,50.1,470,84,1,10.9
2024/5/14 10:15,47.3,499,85,2,12.4
2024/5/14 10:30,50.1,471,85,6,12.4
2024/5/14 10:45,51.7,456,91,2,14.4
2024/5/14 11:00,50.3,468,87,4,11
2024/5/14 11:15,50.8,464,88,2,12.2
2024/5/14 11:30,52.6,448,92,1,12.6
2024/5/15 08:00,50.9,463,92,2,12.2
2024/5/15 08:15,40.5,582,89,2,13.6
2024/5/15 08:30,44.6,528,89,1,14
2024/5/15 08:45,41.1,573,87,3,13.5
2024/5/15 09:00,42.7,552,89,2,11.8
2024/5/15 09:15,47.1,501,90,3,11.5
2024/5/15 09:30,46.5,507,87,3,16
2024/5/15 09:45,50,471,88,3,13.3
2024/5/15 10:00,51.1,461,90,3,14.6
2024/5/15 10:15,44,535,88,1,13.3
2024/5/15 10:30,37.3,632,87,3,12.8
2024/5/15 10:45,42.8,551,88,3,12.3
2024/5/15 11:00,44.3,532,87,2,11.1
2024/5/15 11:15,44.2,533,91,1,12.4
2024/5/15 11:30,38.4,614,89,1,11.7
2024/5/16 08:00,48.2,489,91,3,13.3
2024/5/16 08:15,50.8,464,89,3,15.2
2024/5/16 08:30,50.9,463,93,3,11.8
2024/5/16 08:45,49.3,478,93,2,15.1
2024/5/16 09:00,52.2,451,88,2,11.7
2024/5/16 09:15,51.2,460,84,2,11.9
2024/5/16 09:30,51.3,459,87,3,12.6
2024/5/16 09:45,50.5,466,85,3,11.3
2024/5/16 10:00,52.8,447,86,3,10.6
2024/5/16 10:15,52,453,86,1,12.6
2024/5/16 10:30,50.2,469,86,3,9.9
2024/5/16 10:45,51.3,460,84,2,13.7
2024/5/16 11:00,47.1,500,88,4,12.7
2024/5/16 11:15,46.6,506,82,3,13.5
2024/5/16 11:30,44.8,527,78,1,12.2
2024/5/17 08:00,48.6,485,91,1,10.9
2024/5/17 08:15,50.9,463,88,6,13.7
2024/5/17 08:30,52.2,451,93,2,9.1
2024/5/17 08:45,49.2,479,89,1,11.2
2024/5/17 09:00,52,453,87,3,9.1
2024/5/17 09:15,53.2,443,86,3,12.4
2024/5/17 09:30,49.4,477,88,2,11.7
2024/5/17 09:45,51.3,460,88,2,11.8
2024/5/17 10:00,48,491,85,4,12.8
2024/5/17 10:15,49,481,87,2,13
2024/5/17 10:30,45.3,520,81,2,10.1
2024/5/17 10:45,50.5,466,84,3,13.3
2024/5/17 11:00,49.1,480,88,2,15.3
2024/5/17 11:15,45.9,514,88,3,10.8
2024/5/17 11:30,53.8,438,90,1,12.9
2024/5/18 08:00,60,393,64,2,11.2
2024/5/18 08:15,59,399,61,3,11.4
2024/5/18 08:30,54.1,435,70,3,14.4
2024/5/18 08:45,56.4,418,72,3,11
2024/5/18 09:00,54.8,430,78,6,13.2
2024/5/18 09:15,52.3,451,78,3,10.7
2024/5/18 09:30,55.7,423,76,1,11.6
2024/5/18 09:45,55.7,423,70,6,11.5
2024/5/18 10:00,53.7,439,79,3,14.4
2024/5/18 10:15,50.7,465,82,3,12.1
2024/5/18 10:30,54,437,90,2,11.5
2024/5/18 10:45,52.5,449,83,2,13.2
2024/5/18 11:00,49.2,479,82,2,14.3
2024/5/18 11:15,52.3,451,84,2,14
2024/5/18 11:30,49.4,477,83,1,14.3
2024/5/21 08:00,35.4,666,91,3,10.9
2024/5/21 08:15,39.5,596,91,3,12.1
2024/5/21 08:30,44.1,534,90,1,8.8
2024/5/21 08:45,47.3,498,86,2,11.7
2024/5/21 09:00,50.1,470,82,2,12
2024/5/21 09:15,52.1,452,86,1,12.2
2024/5/21 09:30,52,453,89,3,11.7
2024/5/21 09:45,51.5,458,82,2,11.7
2024/5/21 10:00,50.2,470,84,3,10.7
2024/5/21 10:15,51.2,460,90,4,11.7
2024/5/21 10:30,51.7,456,85,3,14.2
2024/5/21 10:45,49.7,474,89,2,13.8
2024/5/21 11:00,50.1,470,87,6,12.9
2024/5/21 11:15,50.3,468,88,3,12.1
2024/5/21 11:30,44.6,528,87,3,12.4
2024/5/22 08:00,49.3,478,93,2,14.1
2024/5/22 08:15,49.4,477,92,1,12.7
2024/5/22 08:30,49.6,475,92,1,11.3
2024/5/22 08:45,50.2,470,91,4,12.2
2024/5/22 09:00,51.4,458,88,2,12.6
2024/5/22 09:15,46.8,504,92,2,14.5
2024/5/22 09:30,47.4,498,90,1,13.9
2024/5/22 09:45,43.1,547,90,2,12
2024/5/22 10:00,50.8,464,80,2,11.7
2024/5/22 10:15,48.5,486,78,2,13.3
2024/5/22 10:30,50.3,468,83,1,12.1
2024/5/22 10:45,49.6,475,87,3,11.1
2024/5/22 11:00,51.6,457,79,2,11.2
2024/5/22 11:15,51.8,455,86,3,11.2
2024/5/22 11:30,49.4,477,88,3,11.8
2024/5/23 08:00,51,463,92,3,14.1
2024/5/23 08:15,51.5,457,92,3,13.4
2024/5/23 08:30,51.1,461,88,2,13.1
2024/5/23 08:45,51,462,85,1,11.1
2024/5/23 09:00,53,445,91,3,12.9
2024/5/23 09:15,52.7,447,88,1,13.5
2024/5/23 09:30,52.4,449,87,6,13.7
2024/5/23 09:45,50.7,465,87,3,12.6
2024/5/23 10:00,46.9,502,80,4,13
2024/5/23 10:15,50.1,471,87,2,13
2024/5/23 10:30,51.7,456,86,2,11.7
2024/5/23 10:45,51.5,457,88,3,14.6
2024/5/23 11:00,50.1,471,86,2,14.1
2024/5/23 11:15,49.2,479,88,2,13.1
2024/5/23 11:30,50.2,469,82,2,12.2